title,author,push,url,內文,推文類型,使用者id,推文內容,推文時間
[地獄] 時光膠囊,atliberty,19,https://www.ptt.cc/bbs/joke/M.1694424295.A.4F7.html,"一群小朋友相約在校園大樹旁開挖數年前埋下的時光膠囊

打開後，裡面埋著一本獵人漫畫，一罐谷關空氣，還有一盒雞蛋

那本獵人漫畫還是上一次冨樫休刊的最後一期

那罐谷關空氣聞起來仍舊依樣清新

奇怪的是這盒蛋上面的生產日期是今天，大家覺得奇怪，

此時一個小朋友說：「我爸爸是農業專家，他說這盒巴西雞蛋已經用食用蠟做噴膜處理，
洗過就跟新的一樣，所以生產日期可以寫今天！」
-----
Sent from  on my iPhone

--",推,Birdy,樓下說你是柯粉,09/11 18:10
[地獄] 時光膠囊,atliberty,19,https://www.ptt.cc/bbs/joke/M.1694424295.A.4F7.html,"一群小朋友相約在校園大樹旁開挖數年前埋下的時光膠囊

打開後，裡面埋著一本獵人漫畫，一罐谷關空氣，還有一盒雞蛋

那本獵人漫畫還是上一次冨樫休刊的最後一期

那罐谷關空氣聞起來仍舊依樣清新

奇怪的是這盒蛋上面的生產日期是今天，大家覺得奇怪，

此時一個小朋友說：「我爸爸是農業專家，他說這盒巴西雞蛋已經用食用蠟做噴膜處理，
洗過就跟新的一樣，所以生產日期可以寫今天！」
-----
Sent from  on my iPhone

--",→,FlynnZhang,不小心把肛塞劑吃下去 食肛交囊,09/11 19:07
[地獄] 時光膠囊,atliberty,19,https://www.ptt.cc/bbs/joke/M.1694424295.A.4F7.html,"一群小朋友相約在校園大樹旁開挖數年前埋下的時光膠囊

打開後，裡面埋著一本獵人漫畫，一罐谷關空氣，還有一盒雞蛋

那本獵人漫畫還是上一次冨樫休刊的最後一期

那罐谷關空氣聞起來仍舊依樣清新

奇怪的是這盒蛋上面的生產日期是今天，大家覺得奇怪，

此時一個小朋友說：「我爸爸是農業專家，他說這盒巴西雞蛋已經用食用蠟做噴膜處理，
洗過就跟新的一樣，所以生產日期可以寫今天！」
-----
Sent from  on my iPhone

--",噓,LeeAnAn,政治滾出joke板,09/11 19:10
[地獄] 時光膠囊,atliberty,19,https://www.ptt.cc/bbs/joke/M.1694424295.A.4F7.html,"一群小朋友相約在校園大樹旁開挖數年前埋下的時光膠囊

打開後，裡面埋著一本獵人漫畫，一罐谷關空氣，還有一盒雞蛋

那本獵人漫畫還是上一次冨樫休刊的最後一期

那罐谷關空氣聞起來仍舊依樣清新

奇怪的是這盒蛋上面的生產日期是今天，大家覺得奇怪，

此時一個小朋友說：「我爸爸是農業專家，他說這盒巴西雞蛋已經用食用蠟做噴膜處理，
洗過就跟新的一樣，所以生產日期可以寫今天！」
-----
Sent from  on my iPhone

--",推,cerberi,講笑話 農業部是專業的 何必來這裡欺負業餘玩家,09/11 19:13
[地獄] 時光膠囊,atliberty,19,https://www.ptt.cc/bbs/joke/M.1694424295.A.4F7.html,"一群小朋友相約在校園大樹旁開挖數年前埋下的時光膠囊

打開後，裡面埋著一本獵人漫畫，一罐谷關空氣，還有一盒雞蛋

那本獵人漫畫還是上一次冨樫休刊的最後一期

那罐谷關空氣聞起來仍舊依樣清新

奇怪的是這盒蛋上面的生產日期是今天，大家覺得奇怪，

此時一個小朋友說：「我爸爸是農業專家，他說這盒巴西雞蛋已經用食用蠟做噴膜處理，
洗過就跟新的一樣，所以生產日期可以寫今天！」
-----
Sent from  on my iPhone

--",推,iKelly,政治性笑話也是笑話其中一類啊，不然蘇聯系列怎麼辦？,09/11 21:46
[地獄] 時光膠囊,atliberty,19,https://www.ptt.cc/bbs/joke/M.1694424295.A.4F7.html,"一群小朋友相約在校園大樹旁開挖數年前埋下的時光膠囊

打開後，裡面埋著一本獵人漫畫，一罐谷關空氣，還有一盒雞蛋

那本獵人漫畫還是上一次冨樫休刊的最後一期

那罐谷關空氣聞起來仍舊依樣清新

奇怪的是這盒蛋上面的生產日期是今天，大家覺得奇怪，

此時一個小朋友說：「我爸爸是農業專家，他說這盒巴西雞蛋已經用食用蠟做噴膜處理，
洗過就跟新的一樣，所以生產日期可以寫今天！」
-----
Sent from  on my iPhone

--",推,noname912301,www,09/11 22:05
[地獄] 時光膠囊,atliberty,19,https://www.ptt.cc/bbs/joke/M.1694424295.A.4F7.html,"一群小朋友相約在校園大樹旁開挖數年前埋下的時光膠囊

打開後，裡面埋著一本獵人漫畫，一罐谷關空氣，還有一盒雞蛋

那本獵人漫畫還是上一次冨樫休刊的最後一期

那罐谷關空氣聞起來仍舊依樣清新

奇怪的是這盒蛋上面的生產日期是今天，大家覺得奇怪，

此時一個小朋友說：「我爸爸是農業專家，他說這盒巴西雞蛋已經用食用蠟做噴膜處理，
洗過就跟新的一樣，所以生產日期可以寫今天！」
-----
Sent from  on my iPhone

--",推,if4,         www,09/11 22:09
[地獄] 時光膠囊,atliberty,19,https://www.ptt.cc/bbs/joke/M.1694424295.A.4F7.html,"一群小朋友相約在校園大樹旁開挖數年前埋下的時光膠囊

打開後，裡面埋著一本獵人漫畫，一罐谷關空氣，還有一盒雞蛋

那本獵人漫畫還是上一次冨樫休刊的最後一期

那罐谷關空氣聞起來仍舊依樣清新

奇怪的是這盒蛋上面的生產日期是今天，大家覺得奇怪，

此時一個小朋友說：「我爸爸是農業專家，他說這盒巴西雞蛋已經用食用蠟做噴膜處理，
洗過就跟新的一樣，所以生產日期可以寫今天！」
-----
Sent from  on my iPhone

--",噓,markkao456,重點是不好笑-.-,09/11 22:56
[地獄] 時光膠囊,atliberty,19,https://www.ptt.cc/bbs/joke/M.1694424295.A.4F7.html,"一群小朋友相約在校園大樹旁開挖數年前埋下的時光膠囊

打開後，裡面埋著一本獵人漫畫，一罐谷關空氣，還有一盒雞蛋

那本獵人漫畫還是上一次冨樫休刊的最後一期

那罐谷關空氣聞起來仍舊依樣清新

奇怪的是這盒蛋上面的生產日期是今天，大家覺得奇怪，

此時一個小朋友說：「我爸爸是農業專家，他說這盒巴西雞蛋已經用食用蠟做噴膜處理，
洗過就跟新的一樣，所以生產日期可以寫今天！」
-----
Sent from  on my iPhone

--",推,kaitokid1214,齁氣氣氣氣氣氣氣,09/11 23:01
[地獄] 時光膠囊,atliberty,19,https://www.ptt.cc/bbs/joke/M.1694424295.A.4F7.html,"一群小朋友相約在校園大樹旁開挖數年前埋下的時光膠囊

打開後，裡面埋著一本獵人漫畫，一罐谷關空氣，還有一盒雞蛋

那本獵人漫畫還是上一次冨樫休刊的最後一期

那罐谷關空氣聞起來仍舊依樣清新

奇怪的是這盒蛋上面的生產日期是今天，大家覺得奇怪，

此時一個小朋友說：「我爸爸是農業專家，他說這盒巴西雞蛋已經用食用蠟做噴膜處理，
洗過就跟新的一樣，所以生產日期可以寫今天！」
-----
Sent from  on my iPhone

--",推,fishest,不是不好笑 是根本笑不出來,09/11 23:45
[地獄] 時光膠囊,atliberty,19,https://www.ptt.cc/bbs/joke/M.1694424295.A.4F7.html,"一群小朋友相約在校園大樹旁開挖數年前埋下的時光膠囊

打開後，裡面埋著一本獵人漫畫，一罐谷關空氣，還有一盒雞蛋

那本獵人漫畫還是上一次冨樫休刊的最後一期

那罐谷關空氣聞起來仍舊依樣清新

奇怪的是這盒蛋上面的生產日期是今天，大家覺得奇怪，

此時一個小朋友說：「我爸爸是農業專家，他說這盒巴西雞蛋已經用食用蠟做噴膜處理，
洗過就跟新的一樣，所以生產日期可以寫今天！」
-----
Sent from  on my iPhone

--",→,shintz,夠酸 但是不好笑，政府護航的太難看,09/12 00:19
[地獄] 時光膠囊,atliberty,19,https://www.ptt.cc/bbs/joke/M.1694424295.A.4F7.html,"一群小朋友相約在校園大樹旁開挖數年前埋下的時光膠囊

打開後，裡面埋著一本獵人漫畫，一罐谷關空氣，還有一盒雞蛋

那本獵人漫畫還是上一次冨樫休刊的最後一期

那罐谷關空氣聞起來仍舊依樣清新

奇怪的是這盒蛋上面的生產日期是今天，大家覺得奇怪，

此時一個小朋友說：「我爸爸是農業專家，他說這盒巴西雞蛋已經用食用蠟做噴膜處理，
洗過就跟新的一樣，所以生產日期可以寫今天！」
-----
Sent from  on my iPhone

--",推,wangf1112,笑不出來 我的納稅錢...,09/12 00:26
[地獄] 時光膠囊,atliberty,19,https://www.ptt.cc/bbs/joke/M.1694424295.A.4F7.html,"一群小朋友相約在校園大樹旁開挖數年前埋下的時光膠囊

打開後，裡面埋著一本獵人漫畫，一罐谷關空氣，還有一盒雞蛋

那本獵人漫畫還是上一次冨樫休刊的最後一期

那罐谷關空氣聞起來仍舊依樣清新

奇怪的是這盒蛋上面的生產日期是今天，大家覺得奇怪，

此時一個小朋友說：「我爸爸是農業專家，他說這盒巴西雞蛋已經用食用蠟做噴膜處理，
洗過就跟新的一樣，所以生產日期可以寫今天！」
-----
Sent from  on my iPhone

--",噓,sleepgod0602,這裡是joke板不是低能板,09/12 07:18
[地獄] 時光膠囊,atliberty,19,https://www.ptt.cc/bbs/joke/M.1694424295.A.4F7.html,"一群小朋友相約在校園大樹旁開挖數年前埋下的時光膠囊

打開後，裡面埋著一本獵人漫畫，一罐谷關空氣，還有一盒雞蛋

那本獵人漫畫還是上一次冨樫休刊的最後一期

那罐谷關空氣聞起來仍舊依樣清新

奇怪的是這盒蛋上面的生產日期是今天，大家覺得奇怪，

此時一個小朋友說：「我爸爸是農業專家，他說這盒巴西雞蛋已經用食用蠟做噴膜處理，
洗過就跟新的一樣，所以生產日期可以寫今天！」
-----
Sent from  on my iPhone

--",推,Birdy,照樓上這麼說，相信民進黨的都不能上 joke 版惹,09/12 09:28
[地獄] 時光膠囊,atliberty,19,https://www.ptt.cc/bbs/joke/M.1694424295.A.4F7.html,"一群小朋友相約在校園大樹旁開挖數年前埋下的時光膠囊

打開後，裡面埋著一本獵人漫畫，一罐谷關空氣，還有一盒雞蛋

那本獵人漫畫還是上一次冨樫休刊的最後一期

那罐谷關空氣聞起來仍舊依樣清新

奇怪的是這盒蛋上面的生產日期是今天，大家覺得奇怪，

此時一個小朋友說：「我爸爸是農業專家，他說這盒巴西雞蛋已經用食用蠟做噴膜處理，
洗過就跟新的一樣，所以生產日期可以寫今天！」
-----
Sent from  on my iPhone

--",推,Yamashiro,低能仔很氣,09/12 09:34
[地獄] 時光膠囊,atliberty,19,https://www.ptt.cc/bbs/joke/M.1694424295.A.4F7.html,"一群小朋友相約在校園大樹旁開挖數年前埋下的時光膠囊

打開後，裡面埋著一本獵人漫畫，一罐谷關空氣，還有一盒雞蛋

那本獵人漫畫還是上一次冨樫休刊的最後一期

那罐谷關空氣聞起來仍舊依樣清新

奇怪的是這盒蛋上面的生產日期是今天，大家覺得奇怪，

此時一個小朋友說：「我爸爸是農業專家，他說這盒巴西雞蛋已經用食用蠟做噴膜處理，
洗過就跟新的一樣，所以生產日期可以寫今天！」
-----
Sent from  on my iPhone

--",推,rb510691,推,09/12 11:00
[地獄] 時光膠囊,atliberty,19,https://www.ptt.cc/bbs/joke/M.1694424295.A.4F7.html,"一群小朋友相約在校園大樹旁開挖數年前埋下的時光膠囊

打開後，裡面埋著一本獵人漫畫，一罐谷關空氣，還有一盒雞蛋

那本獵人漫畫還是上一次冨樫休刊的最後一期

那罐谷關空氣聞起來仍舊依樣清新

奇怪的是這盒蛋上面的生產日期是今天，大家覺得奇怪，

此時一個小朋友說：「我爸爸是農業專家，他說這盒巴西雞蛋已經用食用蠟做噴膜處理，
洗過就跟新的一樣，所以生產日期可以寫今天！」
-----
Sent from  on my iPhone

--",推,rhythm1217,埋在土裡的蛋，超濕的,09/12 11:50
[地獄] 時光膠囊,atliberty,19,https://www.ptt.cc/bbs/joke/M.1694424295.A.4F7.html,"一群小朋友相約在校園大樹旁開挖數年前埋下的時光膠囊

打開後，裡面埋著一本獵人漫畫，一罐谷關空氣，還有一盒雞蛋

那本獵人漫畫還是上一次冨樫休刊的最後一期

那罐谷關空氣聞起來仍舊依樣清新

奇怪的是這盒蛋上面的生產日期是今天，大家覺得奇怪，

此時一個小朋友說：「我爸爸是農業專家，他說這盒巴西雞蛋已經用食用蠟做噴膜處理，
洗過就跟新的一樣，所以生產日期可以寫今天！」
-----
Sent from  on my iPhone

--",推,gzliu,我愛陳吉仲,09/12 12:55
[地獄] 時光膠囊,atliberty,19,https://www.ptt.cc/bbs/joke/M.1694424295.A.4F7.html,"一群小朋友相約在校園大樹旁開挖數年前埋下的時光膠囊

打開後，裡面埋著一本獵人漫畫，一罐谷關空氣，還有一盒雞蛋

那本獵人漫畫還是上一次冨樫休刊的最後一期

那罐谷關空氣聞起來仍舊依樣清新

奇怪的是這盒蛋上面的生產日期是今天，大家覺得奇怪，

此時一個小朋友說：「我爸爸是農業專家，他說這盒巴西雞蛋已經用食用蠟做噴膜處理，
洗過就跟新的一樣，所以生產日期可以寫今天！」
-----
Sent from  on my iPhone

--",推,iamnotme,有加時事梗給推,09/12 14:05
[地獄] 時光膠囊,atliberty,19,https://www.ptt.cc/bbs/joke/M.1694424295.A.4F7.html,"一群小朋友相約在校園大樹旁開挖數年前埋下的時光膠囊

打開後，裡面埋著一本獵人漫畫，一罐谷關空氣，還有一盒雞蛋

那本獵人漫畫還是上一次冨樫休刊的最後一期

那罐谷關空氣聞起來仍舊依樣清新

奇怪的是這盒蛋上面的生產日期是今天，大家覺得奇怪，

此時一個小朋友說：「我爸爸是農業專家，他說這盒巴西雞蛋已經用食用蠟做噴膜處理，
洗過就跟新的一樣，所以生產日期可以寫今天！」
-----
Sent from  on my iPhone

--",推,kof78225,笑話在某些樓,09/12 14:10
[地獄] 時光膠囊,atliberty,19,https://www.ptt.cc/bbs/joke/M.1694424295.A.4F7.html,"一群小朋友相約在校園大樹旁開挖數年前埋下的時光膠囊

打開後，裡面埋著一本獵人漫畫，一罐谷關空氣，還有一盒雞蛋

那本獵人漫畫還是上一次冨樫休刊的最後一期

那罐谷關空氣聞起來仍舊依樣清新

奇怪的是這盒蛋上面的生產日期是今天，大家覺得奇怪，

此時一個小朋友說：「我爸爸是農業專家，他說這盒巴西雞蛋已經用食用蠟做噴膜處理，
洗過就跟新的一樣，所以生產日期可以寫今天！」
-----
Sent from  on my iPhone

--",推,Eijidate,哈哈哈,09/12 14:23
[地獄] 時光膠囊,atliberty,19,https://www.ptt.cc/bbs/joke/M.1694424295.A.4F7.html,"一群小朋友相約在校園大樹旁開挖數年前埋下的時光膠囊

打開後，裡面埋著一本獵人漫畫，一罐谷關空氣，還有一盒雞蛋

那本獵人漫畫還是上一次冨樫休刊的最後一期

那罐谷關空氣聞起來仍舊依樣清新

奇怪的是這盒蛋上面的生產日期是今天，大家覺得奇怪，

此時一個小朋友說：「我爸爸是農業專家，他說這盒巴西雞蛋已經用食用蠟做噴膜處理，
洗過就跟新的一樣，所以生產日期可以寫今天！」
-----
Sent from  on my iPhone

--",推,ruiun,看某些樓的推文，我怕我笑出來會被批鬥,09/12 16:48
[地獄] 時光膠囊,atliberty,19,https://www.ptt.cc/bbs/joke/M.1694424295.A.4F7.html,"一群小朋友相約在校園大樹旁開挖數年前埋下的時光膠囊

打開後，裡面埋著一本獵人漫畫，一罐谷關空氣，還有一盒雞蛋

那本獵人漫畫還是上一次冨樫休刊的最後一期

那罐谷關空氣聞起來仍舊依樣清新

奇怪的是這盒蛋上面的生產日期是今天，大家覺得奇怪，

此時一個小朋友說：「我爸爸是農業專家，他說這盒巴西雞蛋已經用食用蠟做噴膜處理，
洗過就跟新的一樣，所以生產日期可以寫今天！」
-----
Sent from  on my iPhone

--",推,louisalflame,有笑有推,09/12 17:23
[地獄] 時光膠囊,atliberty,19,https://www.ptt.cc/bbs/joke/M.1694424295.A.4F7.html,"一群小朋友相約在校園大樹旁開挖數年前埋下的時光膠囊

打開後，裡面埋著一本獵人漫畫，一罐谷關空氣，還有一盒雞蛋

那本獵人漫畫還是上一次冨樫休刊的最後一期

那罐谷關空氣聞起來仍舊依樣清新

奇怪的是這盒蛋上面的生產日期是今天，大家覺得奇怪，

此時一個小朋友說：「我爸爸是農業專家，他說這盒巴西雞蛋已經用食用蠟做噴膜處理，
洗過就跟新的一樣，所以生產日期可以寫今天！」
-----
Sent from  on my iPhone

--",推,jjalu,看在有人崩潰的份上給你個推,09/12 17:25
[地獄] 時光膠囊,atliberty,19,https://www.ptt.cc/bbs/joke/M.1694424295.A.4F7.html,"一群小朋友相約在校園大樹旁開挖數年前埋下的時光膠囊

打開後，裡面埋著一本獵人漫畫，一罐谷關空氣，還有一盒雞蛋

那本獵人漫畫還是上一次冨樫休刊的最後一期

那罐谷關空氣聞起來仍舊依樣清新

奇怪的是這盒蛋上面的生產日期是今天，大家覺得奇怪，

此時一個小朋友說：「我爸爸是農業專家，他說這盒巴西雞蛋已經用食用蠟做噴膜處理，
洗過就跟新的一樣，所以生產日期可以寫今天！」
-----
Sent from  on my iPhone

--",推,hiaries,XD,09/12 17:46
[地獄] 時光膠囊,atliberty,19,https://www.ptt.cc/bbs/joke/M.1694424295.A.4F7.html,"一群小朋友相約在校園大樹旁開挖數年前埋下的時光膠囊

打開後，裡面埋著一本獵人漫畫，一罐谷關空氣，還有一盒雞蛋

那本獵人漫畫還是上一次冨樫休刊的最後一期

那罐谷關空氣聞起來仍舊依樣清新

奇怪的是這盒蛋上面的生產日期是今天，大家覺得奇怪，

此時一個小朋友說：「我爸爸是農業專家，他說這盒巴西雞蛋已經用食用蠟做噴膜處理，
洗過就跟新的一樣，所以生產日期可以寫今天！」
-----
Sent from  on my iPhone

--",推,redmoon9033,笑點是推文裡的各種崩潰嗎？,09/12 18:14
[地獄] 時光膠囊,atliberty,19,https://www.ptt.cc/bbs/joke/M.1694424295.A.4F7.html,"一群小朋友相約在校園大樹旁開挖數年前埋下的時光膠囊

打開後，裡面埋著一本獵人漫畫，一罐谷關空氣，還有一盒雞蛋

那本獵人漫畫還是上一次冨樫休刊的最後一期

那罐谷關空氣聞起來仍舊依樣清新

奇怪的是這盒蛋上面的生產日期是今天，大家覺得奇怪，

此時一個小朋友說：「我爸爸是農業專家，他說這盒巴西雞蛋已經用食用蠟做噴膜處理，
洗過就跟新的一樣，所以生產日期可以寫今天！」
-----
Sent from  on my iPhone

--",推,tosh2,笑點是民進黨支持者的智商,09/12 18:52
[地獄] 牧師死後,belleaya,78,https://www.ptt.cc/bbs/joke/M.1694409851.A.6C3.html,"有個牧師過世了

他的靈魂上了天堂

本來期待看到他信奉的上帝

沒想到來迎接他的是阿拉

他不禁狐疑地問說：

「為什麼不是上帝來迎接他？」




阿拉慈祥地告訴他：

「因為你是牧師，

  你死了之後就是牧師靈。」





--
▃▃▃▃▃▃▃▃     ／￣￣￣￣＼▃▃▃▃▃▃▃▃▃
◣  ││         
│         ◥

◥


--
靠 我不知道!!",推,chocoboytw,哈哈哈,09/11 13:36
[地獄] 牧師死後,belleaya,78,https://www.ptt.cc/bbs/joke/M.1694409851.A.6C3.html,"有個牧師過世了

他的靈魂上了天堂

本來期待看到他信奉的上帝

沒想到來迎接他的是阿拉

他不禁狐疑地問說：

「為什麼不是上帝來迎接他？」




阿拉慈祥地告訴他：

「因為你是牧師，

  你死了之後就是牧師靈。」





--
▃▃▃▃▃▃▃▃     ／￣￣￣￣＼▃▃▃▃▃▃▃▃▃
◣  ││         
│         ◥

◥


--
靠 我不知道!!",推,romeogigli,不錯,09/11 13:44
[地獄] 牧師死後,belleaya,78,https://www.ptt.cc/bbs/joke/M.1694409851.A.6C3.html,"有個牧師過世了

他的靈魂上了天堂

本來期待看到他信奉的上帝

沒想到來迎接他的是阿拉

他不禁狐疑地問說：

「為什麼不是上帝來迎接他？」




阿拉慈祥地告訴他：

「因為你是牧師，

  你死了之後就是牧師靈。」





--
▃▃▃▃▃▃▃▃     ／￣￣￣￣＼▃▃▃▃▃▃▃▃▃
◣  ││         
│         ◥

◥


--
靠 我不知道!!",推,peter0726,有笑有推,09/11 13:56
[地獄] 牧師死後,belleaya,78,https://www.ptt.cc/bbs/joke/M.1694409851.A.6C3.html,"有個牧師過世了

他的靈魂上了天堂

本來期待看到他信奉的上帝

沒想到來迎接他的是阿拉

他不禁狐疑地問說：

「為什麼不是上帝來迎接他？」




阿拉慈祥地告訴他：

「因為你是牧師，

  你死了之後就是牧師靈。」





--
▃▃▃▃▃▃▃▃     ／￣￣￣￣＼▃▃▃▃▃▃▃▃▃
◣  ││         
│         ◥

◥


--
靠 我不知道!!",推,noname912301,XD,09/11 14:17
[地獄] 牧師死後,belleaya,78,https://www.ptt.cc/bbs/joke/M.1694409851.A.6C3.html,"有個牧師過世了

他的靈魂上了天堂

本來期待看到他信奉的上帝

沒想到來迎接他的是阿拉

他不禁狐疑地問說：

「為什麼不是上帝來迎接他？」




阿拉慈祥地告訴他：

「因為你是牧師，

  你死了之後就是牧師靈。」





--
▃▃▃▃▃▃▃▃     ／￣￣￣￣＼▃▃▃▃▃▃▃▃▃
◣  ││         
│         ◥

◥


--
靠 我不知道!!",推,Juliet1229,屙 你不知道上帝跟阿拉是一樣的嗎,09/11 14:27
[地獄] 牧師死後,belleaya,78,https://www.ptt.cc/bbs/joke/M.1694409851.A.6C3.html,"有個牧師過世了

他的靈魂上了天堂

本來期待看到他信奉的上帝

沒想到來迎接他的是阿拉

他不禁狐疑地問說：

「為什麼不是上帝來迎接他？」




阿拉慈祥地告訴他：

「因為你是牧師，

  你死了之後就是牧師靈。」





--
▃▃▃▃▃▃▃▃     ／￣￣￣￣＼▃▃▃▃▃▃▃▃▃
◣  ││         
│         ◥

◥


--
靠 我不知道!!",→,alwaysstrong,上帝跟阿拉是同一個人,09/11 14:31
[地獄] 牧師死後,belleaya,78,https://www.ptt.cc/bbs/joke/M.1694409851.A.6C3.html,"有個牧師過世了

他的靈魂上了天堂

本來期待看到他信奉的上帝

沒想到來迎接他的是阿拉

他不禁狐疑地問說：

「為什麼不是上帝來迎接他？」




阿拉慈祥地告訴他：

「因為你是牧師，

  你死了之後就是牧師靈。」





--
▃▃▃▃▃▃▃▃     ／￣￣￣￣＼▃▃▃▃▃▃▃▃▃
◣  ││         
│         ◥

◥


--
靠 我不知道!!",推,xowehg98,好好笑,09/11 15:44
[地獄] 牧師死後,belleaya,78,https://www.ptt.cc/bbs/joke/M.1694409851.A.6C3.html,"有個牧師過世了

他的靈魂上了天堂

本來期待看到他信奉的上帝

沒想到來迎接他的是阿拉

他不禁狐疑地問說：

「為什麼不是上帝來迎接他？」




阿拉慈祥地告訴他：

「因為你是牧師，

  你死了之後就是牧師靈。」





--
▃▃▃▃▃▃▃▃     ／￣￣￣￣＼▃▃▃▃▃▃▃▃▃
◣  ││         
│         ◥

◥


--
靠 我不知道!!",推,movieghost,可以,09/11 15:49
[地獄] 牧師死後,belleaya,78,https://www.ptt.cc/bbs/joke/M.1694409851.A.6C3.html,"有個牧師過世了

他的靈魂上了天堂

本來期待看到他信奉的上帝

沒想到來迎接他的是阿拉

他不禁狐疑地問說：

「為什麼不是上帝來迎接他？」




阿拉慈祥地告訴他：

「因為你是牧師，

  你死了之後就是牧師靈。」





--
▃▃▃▃▃▃▃▃     ／￣￣￣￣＼▃▃▃▃▃▃▃▃▃
◣  ││         
│         ◥

◥


--
靠 我不知道!!",推,clang,不錯,09/11 15:57
[地獄] 牧師死後,belleaya,78,https://www.ptt.cc/bbs/joke/M.1694409851.A.6C3.html,"有個牧師過世了

他的靈魂上了天堂

本來期待看到他信奉的上帝

沒想到來迎接他的是阿拉

他不禁狐疑地問說：

「為什麼不是上帝來迎接他？」




阿拉慈祥地告訴他：

「因為你是牧師，

  你死了之後就是牧師靈。」





--
▃▃▃▃▃▃▃▃     ／￣￣￣￣＼▃▃▃▃▃▃▃▃▃
◣  ││         
│         ◥

◥


--
靠 我不知道!!",→,kaisengt,笑死,09/11 16:29
[地獄] 牧師死後,belleaya,78,https://www.ptt.cc/bbs/joke/M.1694409851.A.6C3.html,"有個牧師過世了

他的靈魂上了天堂

本來期待看到他信奉的上帝

沒想到來迎接他的是阿拉

他不禁狐疑地問說：

「為什麼不是上帝來迎接他？」




阿拉慈祥地告訴他：

「因為你是牧師，

  你死了之後就是牧師靈。」





--
▃▃▃▃▃▃▃▃     ／￣￣￣￣＼▃▃▃▃▃▃▃▃▃
◣  ││         
│         ◥

◥


--
靠 我不知道!!",推,horrydragon,有笑有推,09/11 16:39
[地獄] 牧師死後,belleaya,78,https://www.ptt.cc/bbs/joke/M.1694409851.A.6C3.html,"有個牧師過世了

他的靈魂上了天堂

本來期待看到他信奉的上帝

沒想到來迎接他的是阿拉

他不禁狐疑地問說：

「為什麼不是上帝來迎接他？」




阿拉慈祥地告訴他：

「因為你是牧師，

  你死了之後就是牧師靈。」





--
▃▃▃▃▃▃▃▃     ／￣￣￣￣＼▃▃▃▃▃▃▃▃▃
◣  ││         
│         ◥

◥


--
靠 我不知道!!",→,minoru04,可是本來就是同一個神啊,09/11 16:43
[地獄] 牧師死後,belleaya,78,https://www.ptt.cc/bbs/joke/M.1694409851.A.6C3.html,"有個牧師過世了

他的靈魂上了天堂

本來期待看到他信奉的上帝

沒想到來迎接他的是阿拉

他不禁狐疑地問說：

「為什麼不是上帝來迎接他？」




阿拉慈祥地告訴他：

「因為你是牧師，

  你死了之後就是牧師靈。」





--
▃▃▃▃▃▃▃▃     ／￣￣￣￣＼▃▃▃▃▃▃▃▃▃
◣  ││         
│         ◥

◥


--
靠 我不知道!!",→,wendy2927,我笑出來了~,09/11 16:43
[地獄] 牧師死後,belleaya,78,https://www.ptt.cc/bbs/joke/M.1694409851.A.6C3.html,"有個牧師過世了

他的靈魂上了天堂

本來期待看到他信奉的上帝

沒想到來迎接他的是阿拉

他不禁狐疑地問說：

「為什麼不是上帝來迎接他？」




阿拉慈祥地告訴他：

「因為你是牧師，

  你死了之後就是牧師靈。」





--
▃▃▃▃▃▃▃▃     ／￣￣￣￣＼▃▃▃▃▃▃▃▃▃
◣  ││         
│         ◥

◥


--
靠 我不知道!!",推,eh07,恍然大悟,09/11 16:52
[地獄] 牧師死後,belleaya,78,https://www.ptt.cc/bbs/joke/M.1694409851.A.6C3.html,"有個牧師過世了

他的靈魂上了天堂

本來期待看到他信奉的上帝

沒想到來迎接他的是阿拉

他不禁狐疑地問說：

「為什麼不是上帝來迎接他？」




阿拉慈祥地告訴他：

「因為你是牧師，

  你死了之後就是牧師靈。」





--
▃▃▃▃▃▃▃▃     ／￣￣￣￣＼▃▃▃▃▃▃▃▃▃
◣  ││         
│         ◥

◥


--
靠 我不知道!!",噓,redcardo,「為什麼不是上帝來迎接我？」,09/11 16:53
[地獄] 牧師死後,belleaya,78,https://www.ptt.cc/bbs/joke/M.1694409851.A.6C3.html,"有個牧師過世了

他的靈魂上了天堂

本來期待看到他信奉的上帝

沒想到來迎接他的是阿拉

他不禁狐疑地問說：

「為什麼不是上帝來迎接他？」




阿拉慈祥地告訴他：

「因為你是牧師，

  你死了之後就是牧師靈。」





--
▃▃▃▃▃▃▃▃     ／￣￣￣￣＼▃▃▃▃▃▃▃▃▃
◣  ││         
│         ◥

◥


--
靠 我不知道!!",推,if4,沒慧根 看不懂 orz,09/11 16:59
[地獄] 牧師死後,belleaya,78,https://www.ptt.cc/bbs/joke/M.1694409851.A.6C3.html,"有個牧師過世了

他的靈魂上了天堂

本來期待看到他信奉的上帝

沒想到來迎接他的是阿拉

他不禁狐疑地問說：

「為什麼不是上帝來迎接他？」




阿拉慈祥地告訴他：

「因為你是牧師，

  你死了之後就是牧師靈。」





--
▃▃▃▃▃▃▃▃     ／￣￣￣￣＼▃▃▃▃▃▃▃▃▃
◣  ││         
│         ◥

◥


--
靠 我不知道!!",推,seki8864731,牧師靈、穆斯林,09/11 17:01
[地獄] 牧師死後,belleaya,78,https://www.ptt.cc/bbs/joke/M.1694409851.A.6C3.html,"有個牧師過世了

他的靈魂上了天堂

本來期待看到他信奉的上帝

沒想到來迎接他的是阿拉

他不禁狐疑地問說：

「為什麼不是上帝來迎接他？」




阿拉慈祥地告訴他：

「因為你是牧師，

  你死了之後就是牧師靈。」





--
▃▃▃▃▃▃▃▃     ／￣￣￣￣＼▃▃▃▃▃▃▃▃▃
◣  ││         
│         ◥

◥


--
靠 我不知道!!",→,ackes,那個 可是他們是同一位  這應該轉笨板,09/11 17:13
[地獄] 牧師死後,belleaya,78,https://www.ptt.cc/bbs/joke/M.1694409851.A.6C3.html,"有個牧師過世了

他的靈魂上了天堂

本來期待看到他信奉的上帝

沒想到來迎接他的是阿拉

他不禁狐疑地問說：

「為什麼不是上帝來迎接他？」




阿拉慈祥地告訴他：

「因為你是牧師，

  你死了之後就是牧師靈。」





--
▃▃▃▃▃▃▃▃     ／￣￣￣￣＼▃▃▃▃▃▃▃▃▃
◣  ││         
│         ◥

◥


--
靠 我不知道!!",推,david22649,這個不錯XD,09/11 17:21
[地獄] 牧師死後,belleaya,78,https://www.ptt.cc/bbs/joke/M.1694409851.A.6C3.html,"有個牧師過世了

他的靈魂上了天堂

本來期待看到他信奉的上帝

沒想到來迎接他的是阿拉

他不禁狐疑地問說：

「為什麼不是上帝來迎接他？」




阿拉慈祥地告訴他：

「因為你是牧師，

  你死了之後就是牧師靈。」





--
▃▃▃▃▃▃▃▃     ／￣￣￣￣＼▃▃▃▃▃▃▃▃▃
◣  ││         
│         ◥

◥


--
靠 我不知道!!",→,nik351235,笑點上上帝跟阿拉是同一位 但信他們的卻殺個你死我活,09/11 17:32
[地獄] 牧師死後,belleaya,78,https://www.ptt.cc/bbs/joke/M.1694409851.A.6C3.html,"有個牧師過世了

他的靈魂上了天堂

本來期待看到他信奉的上帝

沒想到來迎接他的是阿拉

他不禁狐疑地問說：

「為什麼不是上帝來迎接他？」




阿拉慈祥地告訴他：

「因為你是牧師，

  你死了之後就是牧師靈。」





--
▃▃▃▃▃▃▃▃     ／￣￣￣￣＼▃▃▃▃▃▃▃▃▃
◣  ││         
│         ◥

◥


--
靠 我不知道!!",推,rainHime,有笑,09/11 17:37
[地獄] 牧師死後,belleaya,78,https://www.ptt.cc/bbs/joke/M.1694409851.A.6C3.html,"有個牧師過世了

他的靈魂上了天堂

本來期待看到他信奉的上帝

沒想到來迎接他的是阿拉

他不禁狐疑地問說：

「為什麼不是上帝來迎接他？」




阿拉慈祥地告訴他：

「因為你是牧師，

  你死了之後就是牧師靈。」





--
▃▃▃▃▃▃▃▃     ／￣￣￣￣＼▃▃▃▃▃▃▃▃▃
◣  ││         
│         ◥

◥


--
靠 我不知道!!",推,sank,穆斯林自己就互看不爽了，打著宗教名義搞種族滅絕,09/11 17:57
[地獄] 牧師死後,belleaya,78,https://www.ptt.cc/bbs/joke/M.1694409851.A.6C3.html,"有個牧師過世了

他的靈魂上了天堂

本來期待看到他信奉的上帝

沒想到來迎接他的是阿拉

他不禁狐疑地問說：

「為什麼不是上帝來迎接他？」




阿拉慈祥地告訴他：

「因為你是牧師，

  你死了之後就是牧師靈。」





--
▃▃▃▃▃▃▃▃     ／￣￣￣￣＼▃▃▃▃▃▃▃▃▃
◣  ││         
│         ◥

◥


--
靠 我不知道!!",→,liu10301234,哈哈,09/11 18:09
[地獄] 牧師死後,belleaya,78,https://www.ptt.cc/bbs/joke/M.1694409851.A.6C3.html,"有個牧師過世了

他的靈魂上了天堂

本來期待看到他信奉的上帝

沒想到來迎接他的是阿拉

他不禁狐疑地問說：

「為什麼不是上帝來迎接他？」




阿拉慈祥地告訴他：

「因為你是牧師，

  你死了之後就是牧師靈。」





--
▃▃▃▃▃▃▃▃     ／￣￣￣￣＼▃▃▃▃▃▃▃▃▃
◣  ││         
│         ◥

◥


--
靠 我不知道!!",推,wer90156,可以,09/11 18:15
[地獄] 牧師死後,belleaya,78,https://www.ptt.cc/bbs/joke/M.1694409851.A.6C3.html,"有個牧師過世了

他的靈魂上了天堂

本來期待看到他信奉的上帝

沒想到來迎接他的是阿拉

他不禁狐疑地問說：

「為什麼不是上帝來迎接他？」




阿拉慈祥地告訴他：

「因為你是牧師，

  你死了之後就是牧師靈。」





--
▃▃▃▃▃▃▃▃     ／￣￣￣￣＼▃▃▃▃▃▃▃▃▃
◣  ││         
│         ◥

◥


--
靠 我不知道!!",推,Ccsteeker,穆斯林的神我記得叫阿拉花瓜之類的,09/11 18:26
[地獄] 牧師死後,belleaya,78,https://www.ptt.cc/bbs/joke/M.1694409851.A.6C3.html,"有個牧師過世了

他的靈魂上了天堂

本來期待看到他信奉的上帝

沒想到來迎接他的是阿拉

他不禁狐疑地問說：

「為什麼不是上帝來迎接他？」




阿拉慈祥地告訴他：

「因為你是牧師，

  你死了之後就是牧師靈。」





--
▃▃▃▃▃▃▃▃     ／￣￣￣￣＼▃▃▃▃▃▃▃▃▃
◣  ││         
│         ◥

◥


--
靠 我不知道!!",→,Ccsteeker,他們身上穿背心奔跑常常喊,09/11 18:26
[地獄] 牧師死後,belleaya,78,https://www.ptt.cc/bbs/joke/M.1694409851.A.6C3.html,"有個牧師過世了

他的靈魂上了天堂

本來期待看到他信奉的上帝

沒想到來迎接他的是阿拉

他不禁狐疑地問說：

「為什麼不是上帝來迎接他？」




阿拉慈祥地告訴他：

「因為你是牧師，

  你死了之後就是牧師靈。」





--
▃▃▃▃▃▃▃▃     ／￣￣￣￣＼▃▃▃▃▃▃▃▃▃
◣  ││         
│         ◥

◥


--
靠 我不知道!!",→,btup70967,有創意哈哈,09/11 18:31
[地獄] 牧師死後,belleaya,78,https://www.ptt.cc/bbs/joke/M.1694409851.A.6C3.html,"有個牧師過世了

他的靈魂上了天堂

本來期待看到他信奉的上帝

沒想到來迎接他的是阿拉

他不禁狐疑地問說：

「為什麼不是上帝來迎接他？」




阿拉慈祥地告訴他：

「因為你是牧師，

  你死了之後就是牧師靈。」





--
▃▃▃▃▃▃▃▃     ／￣￣￣￣＼▃▃▃▃▃▃▃▃▃
◣  ││         
│         ◥

◥


--
靠 我不知道!!",推,caeser900452,有笑有推,09/11 18:36
[地獄] 牧師死後,belleaya,78,https://www.ptt.cc/bbs/joke/M.1694409851.A.6C3.html,"有個牧師過世了

他的靈魂上了天堂

本來期待看到他信奉的上帝

沒想到來迎接他的是阿拉

他不禁狐疑地問說：

「為什麼不是上帝來迎接他？」




阿拉慈祥地告訴他：

「因為你是牧師，

  你死了之後就是牧師靈。」





--
▃▃▃▃▃▃▃▃     ／￣￣￣￣＼▃▃▃▃▃▃▃▃▃
◣  ││         
│         ◥

◥


--
靠 我不知道!!",推,ayakiax,原來如此（敲手掌）,09/11 18:51
[地獄] 牧師死後,belleaya,78,https://www.ptt.cc/bbs/joke/M.1694409851.A.6C3.html,"有個牧師過世了

他的靈魂上了天堂

本來期待看到他信奉的上帝

沒想到來迎接他的是阿拉

他不禁狐疑地問說：

「為什麼不是上帝來迎接他？」




阿拉慈祥地告訴他：

「因為你是牧師，

  你死了之後就是牧師靈。」





--
▃▃▃▃▃▃▃▃     ／￣￣￣￣＼▃▃▃▃▃▃▃▃▃
◣  ││         
│         ◥

◥


--
靠 我不知道!!",推,doki38,有點意思,09/11 18:53
[地獄] 牧師死後,belleaya,78,https://www.ptt.cc/bbs/joke/M.1694409851.A.6C3.html,"有個牧師過世了

他的靈魂上了天堂

本來期待看到他信奉的上帝

沒想到來迎接他的是阿拉

他不禁狐疑地問說：

「為什麼不是上帝來迎接他？」




阿拉慈祥地告訴他：

「因為你是牧師，

  你死了之後就是牧師靈。」





--
▃▃▃▃▃▃▃▃     ／￣￣￣￣＼▃▃▃▃▃▃▃▃▃
◣  ││         
│         ◥

◥


--
靠 我不知道!!",推,FlynnZhang,噗,09/11 18:53
[地獄] 牧師死後,belleaya,78,https://www.ptt.cc/bbs/joke/M.1694409851.A.6C3.html,"有個牧師過世了

他的靈魂上了天堂

本來期待看到他信奉的上帝

沒想到來迎接他的是阿拉

他不禁狐疑地問說：

「為什麼不是上帝來迎接他？」




阿拉慈祥地告訴他：

「因為你是牧師，

  你死了之後就是牧師靈。」





--
▃▃▃▃▃▃▃▃     ／￣￣￣￣＼▃▃▃▃▃▃▃▃▃
◣  ││         
│         ◥

◥


--
靠 我不知道!!",推,iamoldtwo,大笑,09/11 19:17
[地獄] 牧師死後,belleaya,78,https://www.ptt.cc/bbs/joke/M.1694409851.A.6C3.html,"有個牧師過世了

他的靈魂上了天堂

本來期待看到他信奉的上帝

沒想到來迎接他的是阿拉

他不禁狐疑地問說：

「為什麼不是上帝來迎接他？」




阿拉慈祥地告訴他：

「因為你是牧師，

  你死了之後就是牧師靈。」





--
▃▃▃▃▃▃▃▃     ／￣￣￣￣＼▃▃▃▃▃▃▃▃▃
◣  ││         
│         ◥

◥


--
靠 我不知道!!",推,kakukakuka,諧音梗常常出其不備XD,09/11 19:38
[地獄] 牧師死後,belleaya,78,https://www.ptt.cc/bbs/joke/M.1694409851.A.6C3.html,"有個牧師過世了

他的靈魂上了天堂

本來期待看到他信奉的上帝

沒想到來迎接他的是阿拉

他不禁狐疑地問說：

「為什麼不是上帝來迎接他？」




阿拉慈祥地告訴他：

「因為你是牧師，

  你死了之後就是牧師靈。」





--
▃▃▃▃▃▃▃▃     ／￣￣￣￣＼▃▃▃▃▃▃▃▃▃
◣  ││         
│         ◥

◥


--
靠 我不知道!!",推,aaheecuv,哈哈哈哈哈,09/11 19:52
[地獄] 牧師死後,belleaya,78,https://www.ptt.cc/bbs/joke/M.1694409851.A.6C3.html,"有個牧師過世了

他的靈魂上了天堂

本來期待看到他信奉的上帝

沒想到來迎接他的是阿拉

他不禁狐疑地問說：

「為什麼不是上帝來迎接他？」




阿拉慈祥地告訴他：

「因為你是牧師，

  你死了之後就是牧師靈。」





--
▃▃▃▃▃▃▃▃     ／￣￣￣￣＼▃▃▃▃▃▃▃▃▃
◣  ││         
│         ◥

◥


--
靠 我不知道!!",推,laybear,可以,09/11 20:03
[地獄] 牧師死後,belleaya,78,https://www.ptt.cc/bbs/joke/M.1694409851.A.6C3.html,"有個牧師過世了

他的靈魂上了天堂

本來期待看到他信奉的上帝

沒想到來迎接他的是阿拉

他不禁狐疑地問說：

「為什麼不是上帝來迎接他？」




阿拉慈祥地告訴他：

「因為你是牧師，

  你死了之後就是牧師靈。」





--
▃▃▃▃▃▃▃▃     ／￣￣￣￣＼▃▃▃▃▃▃▃▃▃
◣  ││         
│         ◥

◥


--
靠 我不知道!!",推,siangkeith,衰,09/11 20:27
[地獄] 牧師死後,belleaya,78,https://www.ptt.cc/bbs/joke/M.1694409851.A.6C3.html,"有個牧師過世了

他的靈魂上了天堂

本來期待看到他信奉的上帝

沒想到來迎接他的是阿拉

他不禁狐疑地問說：

「為什麼不是上帝來迎接他？」




阿拉慈祥地告訴他：

「因為你是牧師，

  你死了之後就是牧師靈。」





--
▃▃▃▃▃▃▃▃     ／￣￣￣￣＼▃▃▃▃▃▃▃▃▃
◣  ││         
│         ◥

◥


--
靠 我不知道!!",推,zy116pj,上帝和阿拉是不同經文講述的同一個神,09/11 20:44
[地獄] 牧師死後,belleaya,78,https://www.ptt.cc/bbs/joke/M.1694409851.A.6C3.html,"有個牧師過世了

他的靈魂上了天堂

本來期待看到他信奉的上帝

沒想到來迎接他的是阿拉

他不禁狐疑地問說：

「為什麼不是上帝來迎接他？」




阿拉慈祥地告訴他：

「因為你是牧師，

  你死了之後就是牧師靈。」





--
▃▃▃▃▃▃▃▃     ／￣￣￣￣＼▃▃▃▃▃▃▃▃▃
◣  ││         
│         ◥

◥


--
靠 我不知道!!",噓,adamsung,上帝跟阿拉是同一人,09/11 21:11
[地獄] 牧師死後,belleaya,78,https://www.ptt.cc/bbs/joke/M.1694409851.A.6C3.html,"有個牧師過世了

他的靈魂上了天堂

本來期待看到他信奉的上帝

沒想到來迎接他的是阿拉

他不禁狐疑地問說：

「為什麼不是上帝來迎接他？」




阿拉慈祥地告訴他：

「因為你是牧師，

  你死了之後就是牧師靈。」





--
▃▃▃▃▃▃▃▃     ／￣￣￣￣＼▃▃▃▃▃▃▃▃▃
◣  ││         
│         ◥

◥


--
靠 我不知道!!",推,redblouse,可以,09/11 21:18
[地獄] 牧師死後,belleaya,78,https://www.ptt.cc/bbs/joke/M.1694409851.A.6C3.html,"有個牧師過世了

他的靈魂上了天堂

本來期待看到他信奉的上帝

沒想到來迎接他的是阿拉

他不禁狐疑地問說：

「為什麼不是上帝來迎接他？」




阿拉慈祥地告訴他：

「因為你是牧師，

  你死了之後就是牧師靈。」





--
▃▃▃▃▃▃▃▃     ／￣￣￣￣＼▃▃▃▃▃▃▃▃▃
◣  ││         
│         ◥

◥


--
靠 我不知道!!",推,sholi,有效右腿,09/11 21:24
[地獄] 牧師死後,belleaya,78,https://www.ptt.cc/bbs/joke/M.1694409851.A.6C3.html,"有個牧師過世了

他的靈魂上了天堂

本來期待看到他信奉的上帝

沒想到來迎接他的是阿拉

他不禁狐疑地問說：

「為什麼不是上帝來迎接他？」




阿拉慈祥地告訴他：

「因為你是牧師，

  你死了之後就是牧師靈。」





--
▃▃▃▃▃▃▃▃     ／￣￣￣￣＼▃▃▃▃▃▃▃▃▃
◣  ││         
│         ◥

◥


--
靠 我不知道!!",推,JingPingKing,可以,09/11 21:44
[地獄] 牧師死後,belleaya,78,https://www.ptt.cc/bbs/joke/M.1694409851.A.6C3.html,"有個牧師過世了

他的靈魂上了天堂

本來期待看到他信奉的上帝

沒想到來迎接他的是阿拉

他不禁狐疑地問說：

「為什麼不是上帝來迎接他？」




阿拉慈祥地告訴他：

「因為你是牧師，

  你死了之後就是牧師靈。」





--
▃▃▃▃▃▃▃▃     ／￣￣￣￣＼▃▃▃▃▃▃▃▃▃
◣  ││         
│         ◥

◥


--
靠 我不知道!!",推,if4,拜託，說阿拉跟上帝是同一個神的多數是被老高影響的...,09/11 22:04
[地獄] 牧師死後,belleaya,78,https://www.ptt.cc/bbs/joke/M.1694409851.A.6C3.html,"有個牧師過世了

他的靈魂上了天堂

本來期待看到他信奉的上帝

沒想到來迎接他的是阿拉

他不禁狐疑地問說：

「為什麼不是上帝來迎接他？」




阿拉慈祥地告訴他：

「因為你是牧師，

  你死了之後就是牧師靈。」





--
▃▃▃▃▃▃▃▃     ／￣￣￣￣＼▃▃▃▃▃▃▃▃▃
◣  ││         
│         ◥

◥


--
靠 我不知道!!",→,if4,頂多是同一艄飛碟下來的不同人馬，個性差很多 XD,09/11 22:06
[地獄] 牧師死後,belleaya,78,https://www.ptt.cc/bbs/joke/M.1694409851.A.6C3.html,"有個牧師過世了

他的靈魂上了天堂

本來期待看到他信奉的上帝

沒想到來迎接他的是阿拉

他不禁狐疑地問說：

「為什麼不是上帝來迎接他？」




阿拉慈祥地告訴他：

「因為你是牧師，

  你死了之後就是牧師靈。」





--
▃▃▃▃▃▃▃▃     ／￣￣￣￣＼▃▃▃▃▃▃▃▃▃
◣  ││         
│         ◥

◥


--
靠 我不知道!!",推,S0323109,xD,09/11 22:11
[地獄] 牧師死後,belleaya,78,https://www.ptt.cc/bbs/joke/M.1694409851.A.6C3.html,"有個牧師過世了

他的靈魂上了天堂

本來期待看到他信奉的上帝

沒想到來迎接他的是阿拉

他不禁狐疑地問說：

「為什麼不是上帝來迎接他？」




阿拉慈祥地告訴他：

「因為你是牧師，

  你死了之後就是牧師靈。」





--
▃▃▃▃▃▃▃▃     ／￣￣￣￣＼▃▃▃▃▃▃▃▃▃
◣  ││         
│         ◥

◥


--
靠 我不知道!!",推,verdandy,你才被老高影響，高中都沒專心上課?,09/11 22:18
[地獄] 牧師死後,belleaya,78,https://www.ptt.cc/bbs/joke/M.1694409851.A.6C3.html,"有個牧師過世了

他的靈魂上了天堂

本來期待看到他信奉的上帝

沒想到來迎接他的是阿拉

他不禁狐疑地問說：

「為什麼不是上帝來迎接他？」




阿拉慈祥地告訴他：

「因為你是牧師，

  你死了之後就是牧師靈。」





--
▃▃▃▃▃▃▃▃     ／￣￣￣￣＼▃▃▃▃▃▃▃▃▃
◣  ││         
│         ◥

◥


--
靠 我不知道!!",推,if4,阿拉拿著劍和可蘭經，不信他就一劍下去，信他給經典，...,09/11 22:23
[地獄] 牧師死後,belleaya,78,https://www.ptt.cc/bbs/joke/M.1694409851.A.6C3.html,"有個牧師過世了

他的靈魂上了天堂

本來期待看到他信奉的上帝

沒想到來迎接他的是阿拉

他不禁狐疑地問說：

「為什麼不是上帝來迎接他？」




阿拉慈祥地告訴他：

「因為你是牧師，

  你死了之後就是牧師靈。」





--
▃▃▃▃▃▃▃▃     ／￣￣￣￣＼▃▃▃▃▃▃▃▃▃
◣  ││         
│         ◥

◥


--
靠 我不知道!!",→,if4,耶和華會這樣嗎？個性差這麼多...,09/11 22:24
[地獄] 牧師死後,belleaya,78,https://www.ptt.cc/bbs/joke/M.1694409851.A.6C3.html,"有個牧師過世了

他的靈魂上了天堂

本來期待看到他信奉的上帝

沒想到來迎接他的是阿拉

他不禁狐疑地問說：

「為什麼不是上帝來迎接他？」




阿拉慈祥地告訴他：

「因為你是牧師，

  你死了之後就是牧師靈。」





--
▃▃▃▃▃▃▃▃     ／￣￣￣￣＼▃▃▃▃▃▃▃▃▃
◣  ││         
│         ◥

◥


--
靠 我不知道!!",推,verdandy,條頓騎士團聽過嗎?,09/11 22:25
[地獄] 牧師死後,belleaya,78,https://www.ptt.cc/bbs/joke/M.1694409851.A.6C3.html,"有個牧師過世了

他的靈魂上了天堂

本來期待看到他信奉的上帝

沒想到來迎接他的是阿拉

他不禁狐疑地問說：

「為什麼不是上帝來迎接他？」




阿拉慈祥地告訴他：

「因為你是牧師，

  你死了之後就是牧師靈。」





--
▃▃▃▃▃▃▃▃     ／￣￣￣￣＼▃▃▃▃▃▃▃▃▃
◣  ││         
│         ◥

◥


--
靠 我不知道!!",→,verdandy,基督教天主教在歐洲和近東狂的時候可是扼殺許多當地信仰,09/11 22:26
[地獄] 牧師死後,belleaya,78,https://www.ptt.cc/bbs/joke/M.1694409851.A.6C3.html,"有個牧師過世了

他的靈魂上了天堂

本來期待看到他信奉的上帝

沒想到來迎接他的是阿拉

他不禁狐疑地問說：

「為什麼不是上帝來迎接他？」




阿拉慈祥地告訴他：

「因為你是牧師，

  你死了之後就是牧師靈。」





--
▃▃▃▃▃▃▃▃     ／￣￣￣￣＼▃▃▃▃▃▃▃▃▃
◣  ││         
│         ◥

◥


--
靠 我不知道!!",→,verdandy,是長年流血流太多，近年才比較溫和,09/11 22:27
[地獄] 牧師死後,belleaya,78,https://www.ptt.cc/bbs/joke/M.1694409851.A.6C3.html,"有個牧師過世了

他的靈魂上了天堂

本來期待看到他信奉的上帝

沒想到來迎接他的是阿拉

他不禁狐疑地問說：

「為什麼不是上帝來迎接他？」




阿拉慈祥地告訴他：

「因為你是牧師，

  你死了之後就是牧師靈。」





--
▃▃▃▃▃▃▃▃     ／￣￣￣￣＼▃▃▃▃▃▃▃▃▃
◣  ││         
│         ◥

◥


--
靠 我不知道!!",推,if4,若是同一位神，幾千年前就合併了 XD,09/11 22:28
[地獄] 牧師死後,belleaya,78,https://www.ptt.cc/bbs/joke/M.1694409851.A.6C3.html,"有個牧師過世了

他的靈魂上了天堂

本來期待看到他信奉的上帝

沒想到來迎接他的是阿拉

他不禁狐疑地問說：

「為什麼不是上帝來迎接他？」




阿拉慈祥地告訴他：

「因為你是牧師，

  你死了之後就是牧師靈。」





--
▃▃▃▃▃▃▃▃     ／￣￣￣￣＼▃▃▃▃▃▃▃▃▃
◣  ││         
│         ◥

◥


--
靠 我不知道!!",推,verdandy,是同一個神，幾千年前分裂，別倒因為果,09/11 22:30
[地獄] 牧師死後,belleaya,78,https://www.ptt.cc/bbs/joke/M.1694409851.A.6C3.html,"有個牧師過世了

他的靈魂上了天堂

本來期待看到他信奉的上帝

沒想到來迎接他的是阿拉

他不禁狐疑地問說：

「為什麼不是上帝來迎接他？」




阿拉慈祥地告訴他：

「因為你是牧師，

  你死了之後就是牧師靈。」





--
▃▃▃▃▃▃▃▃     ／￣￣￣￣＼▃▃▃▃▃▃▃▃▃
◣  ││         
│         ◥

◥


--
靠 我不知道!!",→,verdandy,十字軍東征時還會屠殺異教徒，相對地當時薩拉丁還大赦,09/11 22:30
[地獄] 牧師死後,belleaya,78,https://www.ptt.cc/bbs/joke/M.1694409851.A.6C3.html,"有個牧師過世了

他的靈魂上了天堂

本來期待看到他信奉的上帝

沒想到來迎接他的是阿拉

他不禁狐疑地問說：

「為什麼不是上帝來迎接他？」




阿拉慈祥地告訴他：

「因為你是牧師，

  你死了之後就是牧師靈。」





--
▃▃▃▃▃▃▃▃     ／￣￣￣￣＼▃▃▃▃▃▃▃▃▃
◣  ││         
│         ◥

◥


--
靠 我不知道!!",→,verdandy,基督徒,09/11 22:31
[地獄] 牧師死後,belleaya,78,https://www.ptt.cc/bbs/joke/M.1694409851.A.6C3.html,"有個牧師過世了

他的靈魂上了天堂

本來期待看到他信奉的上帝

沒想到來迎接他的是阿拉

他不禁狐疑地問說：

「為什麼不是上帝來迎接他？」




阿拉慈祥地告訴他：

「因為你是牧師，

  你死了之後就是牧師靈。」





--
▃▃▃▃▃▃▃▃     ／￣￣￣￣＼▃▃▃▃▃▃▃▃▃
◣  ││         
│         ◥

◥


--
靠 我不知道!!",推,rane,那是薩拉丁的關係，伊斯蘭教教義是對異教徒最不友好且歧視、,09/11 22:47
[地獄] 牧師死後,belleaya,78,https://www.ptt.cc/bbs/joke/M.1694409851.A.6C3.html,"有個牧師過世了

他的靈魂上了天堂

本來期待看到他信奉的上帝

沒想到來迎接他的是阿拉

他不禁狐疑地問說：

「為什麼不是上帝來迎接他？」




阿拉慈祥地告訴他：

「因為你是牧師，

  你死了之後就是牧師靈。」





--
▃▃▃▃▃▃▃▃     ／￣￣￣￣＼▃▃▃▃▃▃▃▃▃
◣  ││         
│         ◥

◥


--
靠 我不知道!!",→,rane,打壓的宗教，基督教曾經也是，但它逐漸改變，伊斯蘭教卻没有,09/11 22:47
[地獄] 牧師死後,belleaya,78,https://www.ptt.cc/bbs/joke/M.1694409851.A.6C3.html,"有個牧師過世了

他的靈魂上了天堂

本來期待看到他信奉的上帝

沒想到來迎接他的是阿拉

他不禁狐疑地問說：

「為什麼不是上帝來迎接他？」




阿拉慈祥地告訴他：

「因為你是牧師，

  你死了之後就是牧師靈。」





--
▃▃▃▃▃▃▃▃     ／￣￣￣￣＼▃▃▃▃▃▃▃▃▃
◣  ││         
│         ◥

◥


--
靠 我不知道!!",推,krit1009,幹好廢XD,09/11 22:58
[地獄] 牧師死後,belleaya,78,https://www.ptt.cc/bbs/joke/M.1694409851.A.6C3.html,"有個牧師過世了

他的靈魂上了天堂

本來期待看到他信奉的上帝

沒想到來迎接他的是阿拉

他不禁狐疑地問說：

「為什麼不是上帝來迎接他？」




阿拉慈祥地告訴他：

「因為你是牧師，

  你死了之後就是牧師靈。」





--
▃▃▃▃▃▃▃▃     ／￣￣￣￣＼▃▃▃▃▃▃▃▃▃
◣  ││         
│         ◥

◥


--
靠 我不知道!!",推,p2p8ppp,可以,09/11 23:07
[地獄] 牧師死後,belleaya,78,https://www.ptt.cc/bbs/joke/M.1694409851.A.6C3.html,"有個牧師過世了

他的靈魂上了天堂

本來期待看到他信奉的上帝

沒想到來迎接他的是阿拉

他不禁狐疑地問說：

「為什麼不是上帝來迎接他？」




阿拉慈祥地告訴他：

「因為你是牧師，

  你死了之後就是牧師靈。」





--
▃▃▃▃▃▃▃▃     ／￣￣￣￣＼▃▃▃▃▃▃▃▃▃
◣  ││         
│         ◥

◥


--
靠 我不知道!!",推,hatephubbing,牧師靈☺,09/11 23:15
[地獄] 牧師死後,belleaya,78,https://www.ptt.cc/bbs/joke/M.1694409851.A.6C3.html,"有個牧師過世了

他的靈魂上了天堂

本來期待看到他信奉的上帝

沒想到來迎接他的是阿拉

他不禁狐疑地問說：

「為什麼不是上帝來迎接他？」




阿拉慈祥地告訴他：

「因為你是牧師，

  你死了之後就是牧師靈。」





--
▃▃▃▃▃▃▃▃     ／￣￣￣￣＼▃▃▃▃▃▃▃▃▃
◣  ││         
│         ◥

◥


--
靠 我不知道!!",推,fljh301,有笑有推,09/11 23:43
[地獄] 牧師死後,belleaya,78,https://www.ptt.cc/bbs/joke/M.1694409851.A.6C3.html,"有個牧師過世了

他的靈魂上了天堂

本來期待看到他信奉的上帝

沒想到來迎接他的是阿拉

他不禁狐疑地問說：

「為什麼不是上帝來迎接他？」




阿拉慈祥地告訴他：

「因為你是牧師，

  你死了之後就是牧師靈。」





--
▃▃▃▃▃▃▃▃     ／￣￣￣￣＼▃▃▃▃▃▃▃▃▃
◣  ││         
│         ◥

◥


--
靠 我不知道!!",推,b95202075,哈,09/12 00:14
[地獄] 牧師死後,belleaya,78,https://www.ptt.cc/bbs/joke/M.1694409851.A.6C3.html,"有個牧師過世了

他的靈魂上了天堂

本來期待看到他信奉的上帝

沒想到來迎接他的是阿拉

他不禁狐疑地問說：

「為什麼不是上帝來迎接他？」




阿拉慈祥地告訴他：

「因為你是牧師，

  你死了之後就是牧師靈。」





--
▃▃▃▃▃▃▃▃     ／￣￣￣￣＼▃▃▃▃▃▃▃▃▃
◣  ││         
│         ◥

◥


--
靠 我不知道!!",推,bluemanhaha,笑死,09/12 00:31
[地獄] 牧師死後,belleaya,78,https://www.ptt.cc/bbs/joke/M.1694409851.A.6C3.html,"有個牧師過世了

他的靈魂上了天堂

本來期待看到他信奉的上帝

沒想到來迎接他的是阿拉

他不禁狐疑地問說：

「為什麼不是上帝來迎接他？」




阿拉慈祥地告訴他：

「因為你是牧師，

  你死了之後就是牧師靈。」





--
▃▃▃▃▃▃▃▃     ／￣￣￣￣＼▃▃▃▃▃▃▃▃▃
◣  ││         
│         ◥

◥


--
靠 我不知道!!",推,second9040,哈哈,09/12 01:38
[地獄] 牧師死後,belleaya,78,https://www.ptt.cc/bbs/joke/M.1694409851.A.6C3.html,"有個牧師過世了

他的靈魂上了天堂

本來期待看到他信奉的上帝

沒想到來迎接他的是阿拉

他不禁狐疑地問說：

「為什麼不是上帝來迎接他？」




阿拉慈祥地告訴他：

「因為你是牧師，

  你死了之後就是牧師靈。」





--
▃▃▃▃▃▃▃▃     ／￣￣￣￣＼▃▃▃▃▃▃▃▃▃
◣  ││         
│         ◥

◥


--
靠 我不知道!!",推,ackes,會說飛碟下來的跟人說老高影響….,09/12 01:41
[地獄] 牧師死後,belleaya,78,https://www.ptt.cc/bbs/joke/M.1694409851.A.6C3.html,"有個牧師過世了

他的靈魂上了天堂

本來期待看到他信奉的上帝

沒想到來迎接他的是阿拉

他不禁狐疑地問說：

「為什麼不是上帝來迎接他？」




阿拉慈祥地告訴他：

「因為你是牧師，

  你死了之後就是牧師靈。」





--
▃▃▃▃▃▃▃▃     ／￣￣￣￣＼▃▃▃▃▃▃▃▃▃
◣  ││         
│         ◥

◥


--
靠 我不知道!!",推,StBernand,一邊說老高看太多，一邊又說飛碟走下來XDDDD真的不是反,09/12 05:15
[地獄] 牧師死後,belleaya,78,https://www.ptt.cc/bbs/joke/M.1694409851.A.6C3.html,"有個牧師過世了

他的靈魂上了天堂

本來期待看到他信奉的上帝

沒想到來迎接他的是阿拉

他不禁狐疑地問說：

「為什麼不是上帝來迎接他？」




阿拉慈祥地告訴他：

「因為你是牧師，

  你死了之後就是牧師靈。」





--
▃▃▃▃▃▃▃▃     ／￣￣￣￣＼▃▃▃▃▃▃▃▃▃
◣  ││         
│         ◥

◥


--
靠 我不知道!!",→,StBernand,串嗎XDDD,09/12 05:16
[地獄] 牧師死後,belleaya,78,https://www.ptt.cc/bbs/joke/M.1694409851.A.6C3.html,"有個牧師過世了

他的靈魂上了天堂

本來期待看到他信奉的上帝

沒想到來迎接他的是阿拉

他不禁狐疑地問說：

「為什麼不是上帝來迎接他？」




阿拉慈祥地告訴他：

「因為你是牧師，

  你死了之後就是牧師靈。」





--
▃▃▃▃▃▃▃▃     ／￣￣￣￣＼▃▃▃▃▃▃▃▃▃
◣  ││         
│         ◥

◥


--
靠 我不知道!!",→,StBernand,然後聖經裡叫人殺人的段落超級多的，以色列人、罵過父,09/12 05:19
[地獄] 牧師死後,belleaya,78,https://www.ptt.cc/bbs/joke/M.1694409851.A.6C3.html,"有個牧師過世了

他的靈魂上了天堂

本來期待看到他信奉的上帝

沒想到來迎接他的是阿拉

他不禁狐疑地問說：

「為什麼不是上帝來迎接他？」




阿拉慈祥地告訴他：

「因為你是牧師，

  你死了之後就是牧師靈。」





--
▃▃▃▃▃▃▃▃     ／￣￣￣￣＼▃▃▃▃▃▃▃▃▃
◣  ││         
│         ◥

◥


--
靠 我不知道!!",→,StBernand,母的、褻瀆耶和華之名的、異教徒&他們城裡的牛羊牲畜，,09/12 05:19
[地獄] 牧師死後,belleaya,78,https://www.ptt.cc/bbs/joke/M.1694409851.A.6C3.html,"有個牧師過世了

他的靈魂上了天堂

本來期待看到他信奉的上帝

沒想到來迎接他的是阿拉

他不禁狐疑地問說：

「為什麼不是上帝來迎接他？」




阿拉慈祥地告訴他：

「因為你是牧師，

  你死了之後就是牧師靈。」





--
▃▃▃▃▃▃▃▃     ／￣￣￣￣＼▃▃▃▃▃▃▃▃▃
◣  ││         
│         ◥

◥


--
靠 我不知道!!",→,StBernand,殺的人可多了,09/12 05:19
[地獄] 牧師死後,belleaya,78,https://www.ptt.cc/bbs/joke/M.1694409851.A.6C3.html,"有個牧師過世了

他的靈魂上了天堂

本來期待看到他信奉的上帝

沒想到來迎接他的是阿拉

他不禁狐疑地問說：

「為什麼不是上帝來迎接他？」




阿拉慈祥地告訴他：

「因為你是牧師，

  你死了之後就是牧師靈。」





--
▃▃▃▃▃▃▃▃     ／￣￣￣￣＼▃▃▃▃▃▃▃▃▃
◣  ││         
│         ◥

◥


--
靠 我不知道!!",推,edwinrw,哈哈,09/12 07:35
[地獄] 牧師死後,belleaya,78,https://www.ptt.cc/bbs/joke/M.1694409851.A.6C3.html,"有個牧師過世了

他的靈魂上了天堂

本來期待看到他信奉的上帝

沒想到來迎接他的是阿拉

他不禁狐疑地問說：

「為什麼不是上帝來迎接他？」




阿拉慈祥地告訴他：

「因為你是牧師，

  你死了之後就是牧師靈。」





--
▃▃▃▃▃▃▃▃     ／￣￣￣￣＼▃▃▃▃▃▃▃▃▃
◣  ││         
│         ◥

◥


--
靠 我不知道!!",推,yanliangliau,看就可長知識,09/12 07:54
[地獄] 牧師死後,belleaya,78,https://www.ptt.cc/bbs/joke/M.1694409851.A.6C3.html,"有個牧師過世了

他的靈魂上了天堂

本來期待看到他信奉的上帝

沒想到來迎接他的是阿拉

他不禁狐疑地問說：

「為什麼不是上帝來迎接他？」




阿拉慈祥地告訴他：

「因為你是牧師，

  你死了之後就是牧師靈。」





--
▃▃▃▃▃▃▃▃     ／￣￣￣￣＼▃▃▃▃▃▃▃▃▃
◣  ││         
│         ◥

◥


--
靠 我不知道!!",推,evaras,是同一個神沒錯，當初伊斯蘭創教就是以天主教曲解神的話語,09/12 08:01
[地獄] 牧師死後,belleaya,78,https://www.ptt.cc/bbs/joke/M.1694409851.A.6C3.html,"有個牧師過世了

他的靈魂上了天堂

本來期待看到他信奉的上帝

沒想到來迎接他的是阿拉

他不禁狐疑地問說：

「為什麼不是上帝來迎接他？」




阿拉慈祥地告訴他：

「因為你是牧師，

  你死了之後就是牧師靈。」





--
▃▃▃▃▃▃▃▃     ／￣￣￣￣＼▃▃▃▃▃▃▃▃▃
◣  ││         
│         ◥

◥


--
靠 我不知道!!",→,evaras,，耶穌只是前面時代的一個先知而已，而穆罕默德自認為神派,09/12 08:01
[地獄] 牧師死後,belleaya,78,https://www.ptt.cc/bbs/joke/M.1694409851.A.6C3.html,"有個牧師過世了

他的靈魂上了天堂

本來期待看到他信奉的上帝

沒想到來迎接他的是阿拉

他不禁狐疑地問說：

「為什麼不是上帝來迎接他？」




阿拉慈祥地告訴他：

「因為你是牧師，

  你死了之後就是牧師靈。」





--
▃▃▃▃▃▃▃▃     ／￣￣￣￣＼▃▃▃▃▃▃▃▃▃
◣  ││         
│         ◥

◥


--
靠 我不知道!!",→,evaras,來的最後先知，創立可蘭經,09/12 08:01
[地獄] 牧師死後,belleaya,78,https://www.ptt.cc/bbs/joke/M.1694409851.A.6C3.html,"有個牧師過世了

他的靈魂上了天堂

本來期待看到他信奉的上帝

沒想到來迎接他的是阿拉

他不禁狐疑地問說：

「為什麼不是上帝來迎接他？」




阿拉慈祥地告訴他：

「因為你是牧師，

  你死了之後就是牧師靈。」





--
▃▃▃▃▃▃▃▃     ／￣￣￣￣＼▃▃▃▃▃▃▃▃▃
◣  ││         
│         ◥

◥


--
靠 我不知道!!",→,evaras,兩本經文裡面的神和天使都是同一群，只是稱呼名字不同，這,09/12 08:03
[地獄] 牧師死後,belleaya,78,https://www.ptt.cc/bbs/joke/M.1694409851.A.6C3.html,"有個牧師過世了

他的靈魂上了天堂

本來期待看到他信奉的上帝

沒想到來迎接他的是阿拉

他不禁狐疑地問說：

「為什麼不是上帝來迎接他？」




阿拉慈祥地告訴他：

「因為你是牧師，

  你死了之後就是牧師靈。」





--
▃▃▃▃▃▃▃▃     ／￣￣￣￣＼▃▃▃▃▃▃▃▃▃
◣  ││         
│         ◥

◥


--
靠 我不知道!!",→,evaras,兩個教應該算是黨爭吧,09/12 08:03
[地獄] 牧師死後,belleaya,78,https://www.ptt.cc/bbs/joke/M.1694409851.A.6C3.html,"有個牧師過世了

他的靈魂上了天堂

本來期待看到他信奉的上帝

沒想到來迎接他的是阿拉

他不禁狐疑地問說：

「為什麼不是上帝來迎接他？」




阿拉慈祥地告訴他：

「因為你是牧師，

  你死了之後就是牧師靈。」





--
▃▃▃▃▃▃▃▃     ／￣￣￣￣＼▃▃▃▃▃▃▃▃▃
◣  ││         
│         ◥

◥


--
靠 我不知道!!",推,sirinono,有笑XDD,09/12 08:03
[地獄] 牧師死後,belleaya,78,https://www.ptt.cc/bbs/joke/M.1694409851.A.6C3.html,"有個牧師過世了

他的靈魂上了天堂

本來期待看到他信奉的上帝

沒想到來迎接他的是阿拉

他不禁狐疑地問說：

「為什麼不是上帝來迎接他？」




阿拉慈祥地告訴他：

「因為你是牧師，

  你死了之後就是牧師靈。」





--
▃▃▃▃▃▃▃▃     ／￣￣￣￣＼▃▃▃▃▃▃▃▃▃
◣  ││         
│         ◥

◥


--
靠 我不知道!!",噓,likeyousmile,看看歷史，基督教不同派系都殺來殺去，伊斯蘭的遜尼,09/12 08:08
[地獄] 牧師死後,belleaya,78,https://www.ptt.cc/bbs/joke/M.1694409851.A.6C3.html,"有個牧師過世了

他的靈魂上了天堂

本來期待看到他信奉的上帝

沒想到來迎接他的是阿拉

他不禁狐疑地問說：

「為什麼不是上帝來迎接他？」




阿拉慈祥地告訴他：

「因為你是牧師，

  你死了之後就是牧師靈。」





--
▃▃▃▃▃▃▃▃     ／￣￣￣￣＼▃▃▃▃▃▃▃▃▃
◣  ││         
│         ◥

◥


--
靠 我不知道!!",→,likeyousmile,派什葉派至今都還世仇。明明同一個耶和華，同一個耶,09/12 08:08
[地獄] 牧師死後,belleaya,78,https://www.ptt.cc/bbs/joke/M.1694409851.A.6C3.html,"有個牧師過世了

他的靈魂上了天堂

本來期待看到他信奉的上帝

沒想到來迎接他的是阿拉

他不禁狐疑地問說：

「為什麼不是上帝來迎接他？」




阿拉慈祥地告訴他：

「因為你是牧師，

  你死了之後就是牧師靈。」





--
▃▃▃▃▃▃▃▃     ／￣￣￣￣＼▃▃▃▃▃▃▃▃▃
◣  ││         
│         ◥

◥


--
靠 我不知道!!",→,likeyousmile,穌。所以宗教一直是人的問題，是人為了權力，蠱惑人,09/12 08:08
[地獄] 牧師死後,belleaya,78,https://www.ptt.cc/bbs/joke/M.1694409851.A.6C3.html,"有個牧師過世了

他的靈魂上了天堂

本來期待看到他信奉的上帝

沒想到來迎接他的是阿拉

他不禁狐疑地問說：

「為什麼不是上帝來迎接他？」




阿拉慈祥地告訴他：

「因為你是牧師，

  你死了之後就是牧師靈。」





--
▃▃▃▃▃▃▃▃     ／￣￣￣￣＼▃▃▃▃▃▃▃▃▃
◣  ││         
│         ◥

◥


--
靠 我不知道!!",→,likeyousmile,心的發明。,09/12 08:08
[地獄] 牧師死後,belleaya,78,https://www.ptt.cc/bbs/joke/M.1694409851.A.6C3.html,"有個牧師過世了

他的靈魂上了天堂

本來期待看到他信奉的上帝

沒想到來迎接他的是阿拉

他不禁狐疑地問說：

「為什麼不是上帝來迎接他？」




阿拉慈祥地告訴他：

「因為你是牧師，

  你死了之後就是牧師靈。」





--
▃▃▃▃▃▃▃▃     ／￣￣￣￣＼▃▃▃▃▃▃▃▃▃
◣  ││         
│         ◥

◥


--
靠 我不知道!!",推,npiemi,這個可以,09/12 08:09
[地獄] 牧師死後,belleaya,78,https://www.ptt.cc/bbs/joke/M.1694409851.A.6C3.html,"有個牧師過世了

他的靈魂上了天堂

本來期待看到他信奉的上帝

沒想到來迎接他的是阿拉

他不禁狐疑地問說：

「為什麼不是上帝來迎接他？」




阿拉慈祥地告訴他：

「因為你是牧師，

  你死了之後就是牧師靈。」





--
▃▃▃▃▃▃▃▃     ／￣￣￣￣＼▃▃▃▃▃▃▃▃▃
◣  ││         
│         ◥

◥


--
靠 我不知道!!",推,likeyousmile,綜觀歷史，宗教以神之名殺人最強，每個人都堅信自己,09/12 08:13
[地獄] 牧師死後,belleaya,78,https://www.ptt.cc/bbs/joke/M.1694409851.A.6C3.html,"有個牧師過世了

他的靈魂上了天堂

本來期待看到他信奉的上帝

沒想到來迎接他的是阿拉

他不禁狐疑地問說：

「為什麼不是上帝來迎接他？」




阿拉慈祥地告訴他：

「因為你是牧師，

  你死了之後就是牧師靈。」





--
▃▃▃▃▃▃▃▃     ／￣￣￣￣＼▃▃▃▃▃▃▃▃▃
◣  ││         
│         ◥

◥


--
靠 我不知道!!",→,likeyousmile,“奉旨殺人”。宗教是人類歷史上最具毀滅性的發明。,09/12 08:13
[地獄] 牧師死後,belleaya,78,https://www.ptt.cc/bbs/joke/M.1694409851.A.6C3.html,"有個牧師過世了

他的靈魂上了天堂

本來期待看到他信奉的上帝

沒想到來迎接他的是阿拉

他不禁狐疑地問說：

「為什麼不是上帝來迎接他？」




阿拉慈祥地告訴他：

「因為你是牧師，

  你死了之後就是牧師靈。」





--
▃▃▃▃▃▃▃▃     ／￣￣￣￣＼▃▃▃▃▃▃▃▃▃
◣  ││         
│         ◥

◥


--
靠 我不知道!!",推,g666g3572,XD,09/12 08:16
[地獄] 牧師死後,belleaya,78,https://www.ptt.cc/bbs/joke/M.1694409851.A.6C3.html,"有個牧師過世了

他的靈魂上了天堂

本來期待看到他信奉的上帝

沒想到來迎接他的是阿拉

他不禁狐疑地問說：

「為什麼不是上帝來迎接他？」




阿拉慈祥地告訴他：

「因為你是牧師，

  你死了之後就是牧師靈。」





--
▃▃▃▃▃▃▃▃     ／￣￣￣￣＼▃▃▃▃▃▃▃▃▃
◣  ││         
│         ◥

◥


--
靠 我不知道!!",→,likeyousmile,近代理性主義和人權思想發明以後，才淡化神權的毒害,09/12 08:16
[地獄] 牧師死後,belleaya,78,https://www.ptt.cc/bbs/joke/M.1694409851.A.6C3.html,"有個牧師過世了

他的靈魂上了天堂

本來期待看到他信奉的上帝

沒想到來迎接他的是阿拉

他不禁狐疑地問說：

「為什麼不是上帝來迎接他？」




阿拉慈祥地告訴他：

「因為你是牧師，

  你死了之後就是牧師靈。」





--
▃▃▃▃▃▃▃▃     ／￣￣￣￣＼▃▃▃▃▃▃▃▃▃
◣  ││         
│         ◥

◥


--
靠 我不知道!!",→,likeyousmile,。歷史上神權可以奉旨殺人，人沒人權。,09/12 08:16
[地獄] 牧師死後,belleaya,78,https://www.ptt.cc/bbs/joke/M.1694409851.A.6C3.html,"有個牧師過世了

他的靈魂上了天堂

本來期待看到他信奉的上帝

沒想到來迎接他的是阿拉

他不禁狐疑地問說：

「為什麼不是上帝來迎接他？」




阿拉慈祥地告訴他：

「因為你是牧師，

  你死了之後就是牧師靈。」





--
▃▃▃▃▃▃▃▃     ／￣￣￣￣＼▃▃▃▃▃▃▃▃▃
◣  ││         
│         ◥

◥


--
靠 我不知道!!",→,fcz973,靠真的不知道他們是同一個,09/12 08:22
[地獄] 牧師死後,belleaya,78,https://www.ptt.cc/bbs/joke/M.1694409851.A.6C3.html,"有個牧師過世了

他的靈魂上了天堂

本來期待看到他信奉的上帝

沒想到來迎接他的是阿拉

他不禁狐疑地問說：

「為什麼不是上帝來迎接他？」




阿拉慈祥地告訴他：

「因為你是牧師，

  你死了之後就是牧師靈。」





--
▃▃▃▃▃▃▃▃     ／￣￣￣￣＼▃▃▃▃▃▃▃▃▃
◣  ││         
│         ◥

◥


--
靠 我不知道!!",→,qazxswptt,你稍微去了解一下他們的教意 其實就是想靠蹭基本設定搭,09/12 08:22
[地獄] 牧師死後,belleaya,78,https://www.ptt.cc/bbs/joke/M.1694409851.A.6C3.html,"有個牧師過世了

他的靈魂上了天堂

本來期待看到他信奉的上帝

沒想到來迎接他的是阿拉

他不禁狐疑地問說：

「為什麼不是上帝來迎接他？」




阿拉慈祥地告訴他：

「因為你是牧師，

  你死了之後就是牧師靈。」





--
▃▃▃▃▃▃▃▃     ／￣￣￣￣＼▃▃▃▃▃▃▃▃▃
◣  ││         
│         ◥

◥


--
靠 我不知道!!",→,qazxswptt,上最後一班聖人列車,09/12 08:22
[地獄] 牧師死後,belleaya,78,https://www.ptt.cc/bbs/joke/M.1694409851.A.6C3.html,"有個牧師過世了

他的靈魂上了天堂

本來期待看到他信奉的上帝

沒想到來迎接他的是阿拉

他不禁狐疑地問說：

「為什麼不是上帝來迎接他？」




阿拉慈祥地告訴他：

「因為你是牧師，

  你死了之後就是牧師靈。」





--
▃▃▃▃▃▃▃▃     ／￣￣￣￣＼▃▃▃▃▃▃▃▃▃
◣  ││         
│         ◥

◥


--
靠 我不知道!!",推,vviinn,幽默,09/12 08:26
[地獄] 牧師死後,belleaya,78,https://www.ptt.cc/bbs/joke/M.1694409851.A.6C3.html,"有個牧師過世了

他的靈魂上了天堂

本來期待看到他信奉的上帝

沒想到來迎接他的是阿拉

他不禁狐疑地問說：

「為什麼不是上帝來迎接他？」




阿拉慈祥地告訴他：

「因為你是牧師，

  你死了之後就是牧師靈。」





--
▃▃▃▃▃▃▃▃     ／￣￣￣￣＼▃▃▃▃▃▃▃▃▃
◣  ││         
│         ◥

◥


--
靠 我不知道!!",推,mstar,猶太教、基督教、伊斯蘭教的神都是同一個，只是解釋不同，,09/12 08:38
[地獄] 牧師死後,belleaya,78,https://www.ptt.cc/bbs/joke/M.1694409851.A.6C3.html,"有個牧師過世了

他的靈魂上了天堂

本來期待看到他信奉的上帝

沒想到來迎接他的是阿拉

他不禁狐疑地問說：

「為什麼不是上帝來迎接他？」




阿拉慈祥地告訴他：

「因為你是牧師，

  你死了之後就是牧師靈。」





--
▃▃▃▃▃▃▃▃     ／￣￣￣￣＼▃▃▃▃▃▃▃▃▃
◣  ││         
│         ◥

◥


--
靠 我不知道!!",→,mstar,所以這三個統稱「亞伯拉罕諸教」。,09/12 08:38
[地獄] 牧師死後,belleaya,78,https://www.ptt.cc/bbs/joke/M.1694409851.A.6C3.html,"有個牧師過世了

他的靈魂上了天堂

本來期待看到他信奉的上帝

沒想到來迎接他的是阿拉

他不禁狐疑地問說：

「為什麼不是上帝來迎接他？」




阿拉慈祥地告訴他：

「因為你是牧師，

  你死了之後就是牧師靈。」





--
▃▃▃▃▃▃▃▃     ／￣￣￣￣＼▃▃▃▃▃▃▃▃▃
◣  ││         
│         ◥

◥


--
靠 我不知道!!",→,mstar,別說不同教，不同派系殺得比異教更凶狠、更血腥。,09/12 08:39
[地獄] 牧師死後,belleaya,78,https://www.ptt.cc/bbs/joke/M.1694409851.A.6C3.html,"有個牧師過世了

他的靈魂上了天堂

本來期待看到他信奉的上帝

沒想到來迎接他的是阿拉

他不禁狐疑地問說：

「為什麼不是上帝來迎接他？」




阿拉慈祥地告訴他：

「因為你是牧師，

  你死了之後就是牧師靈。」





--
▃▃▃▃▃▃▃▃     ／￣￣￣￣＼▃▃▃▃▃▃▃▃▃
◣  ││         
│         ◥

◥


--
靠 我不知道!!",推,gn0481914,講老高也太狹隘，這真的是宗教的本源，老高也只是把很,09/12 08:56
[地獄] 牧師死後,belleaya,78,https://www.ptt.cc/bbs/joke/M.1694409851.A.6C3.html,"有個牧師過世了

他的靈魂上了天堂

本來期待看到他信奉的上帝

沒想到來迎接他的是阿拉

他不禁狐疑地問說：

「為什麼不是上帝來迎接他？」




阿拉慈祥地告訴他：

「因為你是牧師，

  你死了之後就是牧師靈。」





--
▃▃▃▃▃▃▃▃     ／￣￣￣￣＼▃▃▃▃▃▃▃▃▃
◣  ││         
│         ◥

◥


--
靠 我不知道!!",→,gn0481914,多人知道的事情當故事講。,09/12 08:56
[地獄] 牧師死後,belleaya,78,https://www.ptt.cc/bbs/joke/M.1694409851.A.6C3.html,"有個牧師過世了

他的靈魂上了天堂

本來期待看到他信奉的上帝

沒想到來迎接他的是阿拉

他不禁狐疑地問說：

「為什麼不是上帝來迎接他？」




阿拉慈祥地告訴他：

「因為你是牧師，

  你死了之後就是牧師靈。」





--
▃▃▃▃▃▃▃▃     ／￣￣￣￣＼▃▃▃▃▃▃▃▃▃
◣  ││         
│         ◥

◥


--
靠 我不知道!!",推,msaext,https://reurl.cc/9RX9q8,09/12 09:05
[地獄] 牧師死後,belleaya,78,https://www.ptt.cc/bbs/joke/M.1694409851.A.6C3.html,"有個牧師過世了

他的靈魂上了天堂

本來期待看到他信奉的上帝

沒想到來迎接他的是阿拉

他不禁狐疑地問說：

「為什麼不是上帝來迎接他？」




阿拉慈祥地告訴他：

「因為你是牧師，

  你死了之後就是牧師靈。」





--
▃▃▃▃▃▃▃▃     ／￣￣￣￣＼▃▃▃▃▃▃▃▃▃
◣  ││         
│         ◥

◥


--
靠 我不知道!!",→,haveastar,都是神的意思，不過語言不一樣而已,09/12 09:15
[地獄] 牧師死後,belleaya,78,https://www.ptt.cc/bbs/joke/M.1694409851.A.6C3.html,"有個牧師過世了

他的靈魂上了天堂

本來期待看到他信奉的上帝

沒想到來迎接他的是阿拉

他不禁狐疑地問說：

「為什麼不是上帝來迎接他？」




阿拉慈祥地告訴他：

「因為你是牧師，

  你死了之後就是牧師靈。」





--
▃▃▃▃▃▃▃▃     ／￣￣￣￣＼▃▃▃▃▃▃▃▃▃
◣  ││         
│         ◥

◥


--
靠 我不知道!!",推,Birdy,這串裡面最大的笑話就是 if4 XDDD,09/12 09:24
[地獄] 牧師死後,belleaya,78,https://www.ptt.cc/bbs/joke/M.1694409851.A.6C3.html,"有個牧師過世了

他的靈魂上了天堂

本來期待看到他信奉的上帝

沒想到來迎接他的是阿拉

他不禁狐疑地問說：

「為什麼不是上帝來迎接他？」




阿拉慈祥地告訴他：

「因為你是牧師，

  你死了之後就是牧師靈。」





--
▃▃▃▃▃▃▃▃     ／￣￣￣￣＼▃▃▃▃▃▃▃▃▃
◣  ││         
│         ◥

◥


--
靠 我不知道!!",推,halfwaytuu,這笑話可以 討論宗教串也可以,09/12 09:37
[地獄] 牧師死後,belleaya,78,https://www.ptt.cc/bbs/joke/M.1694409851.A.6C3.html,"有個牧師過世了

他的靈魂上了天堂

本來期待看到他信奉的上帝

沒想到來迎接他的是阿拉

他不禁狐疑地問說：

「為什麼不是上帝來迎接他？」




阿拉慈祥地告訴他：

「因為你是牧師，

  你死了之後就是牧師靈。」





--
▃▃▃▃▃▃▃▃     ／￣￣￣￣＼▃▃▃▃▃▃▃▃▃
◣  ││         
│         ◥

◥


--
靠 我不知道!!",推,DMWei,穆罕默德成功了，洪秀全失敗了,09/12 09:42
[地獄] 牧師死後,belleaya,78,https://www.ptt.cc/bbs/joke/M.1694409851.A.6C3.html,"有個牧師過世了

他的靈魂上了天堂

本來期待看到他信奉的上帝

沒想到來迎接他的是阿拉

他不禁狐疑地問說：

「為什麼不是上帝來迎接他？」




阿拉慈祥地告訴他：

「因為你是牧師，

  你死了之後就是牧師靈。」





--
▃▃▃▃▃▃▃▃     ／￣￣￣￣＼▃▃▃▃▃▃▃▃▃
◣  ││         
│         ◥

◥


--
靠 我不知道!!",→,annasas,上帝跟阿拉是同一人,09/12 09:42
[地獄] 牧師死後,belleaya,78,https://www.ptt.cc/bbs/joke/M.1694409851.A.6C3.html,"有個牧師過世了

他的靈魂上了天堂

本來期待看到他信奉的上帝

沒想到來迎接他的是阿拉

他不禁狐疑地問說：

「為什麼不是上帝來迎接他？」




阿拉慈祥地告訴他：

「因為你是牧師，

  你死了之後就是牧師靈。」





--
▃▃▃▃▃▃▃▃     ／￣￣￣￣＼▃▃▃▃▃▃▃▃▃
◣  ││         
│         ◥

◥


--
靠 我不知道!!",推,hank6797,可以,09/12 09:47
[地獄] 牧師死後,belleaya,78,https://www.ptt.cc/bbs/joke/M.1694409851.A.6C3.html,"有個牧師過世了

他的靈魂上了天堂

本來期待看到他信奉的上帝

沒想到來迎接他的是阿拉

他不禁狐疑地問說：

「為什麼不是上帝來迎接他？」




阿拉慈祥地告訴他：

「因為你是牧師，

  你死了之後就是牧師靈。」





--
▃▃▃▃▃▃▃▃     ／￣￣￣￣＼▃▃▃▃▃▃▃▃▃
◣  ││         
│         ◥

◥


--
靠 我不知道!!",推,Artlanis,同一個神、各自表述、一神各表,09/12 09:48
[地獄] 牧師死後,belleaya,78,https://www.ptt.cc/bbs/joke/M.1694409851.A.6C3.html,"有個牧師過世了

他的靈魂上了天堂

本來期待看到他信奉的上帝

沒想到來迎接他的是阿拉

他不禁狐疑地問說：

「為什麼不是上帝來迎接他？」




阿拉慈祥地告訴他：

「因為你是牧師，

  你死了之後就是牧師靈。」





--
▃▃▃▃▃▃▃▃     ／￣￣￣￣＼▃▃▃▃▃▃▃▃▃
◣  ││         
│         ◥

◥


--
靠 我不知道!!",噓,SkyIsMyLimit,斜音梗真的好尷尬 難笑,09/12 10:15
[地獄] 牧師死後,belleaya,78,https://www.ptt.cc/bbs/joke/M.1694409851.A.6C3.html,"有個牧師過世了

他的靈魂上了天堂

本來期待看到他信奉的上帝

沒想到來迎接他的是阿拉

他不禁狐疑地問說：

「為什麼不是上帝來迎接他？」




阿拉慈祥地告訴他：

「因為你是牧師，

  你死了之後就是牧師靈。」





--
▃▃▃▃▃▃▃▃     ／￣￣￣￣＼▃▃▃▃▃▃▃▃▃
◣  ││         
│         ◥

◥


--
靠 我不知道!!",推,aliangh,要註明 僅限華人嗎??,09/12 10:26
[地獄] 牧師死後,belleaya,78,https://www.ptt.cc/bbs/joke/M.1694409851.A.6C3.html,"有個牧師過世了

他的靈魂上了天堂

本來期待看到他信奉的上帝

沒想到來迎接他的是阿拉

他不禁狐疑地問說：

「為什麼不是上帝來迎接他？」




阿拉慈祥地告訴他：

「因為你是牧師，

  你死了之後就是牧師靈。」





--
▃▃▃▃▃▃▃▃     ／￣￣￣￣＼▃▃▃▃▃▃▃▃▃
◣  ││         
│         ◥

◥


--
靠 我不知道!!",推,LausuTsai,啊 所有神不就比較高層次的外星人,09/12 10:30
[地獄] 牧師死後,belleaya,78,https://www.ptt.cc/bbs/joke/M.1694409851.A.6C3.html,"有個牧師過世了

他的靈魂上了天堂

本來期待看到他信奉的上帝

沒想到來迎接他的是阿拉

他不禁狐疑地問說：

「為什麼不是上帝來迎接他？」




阿拉慈祥地告訴他：

「因為你是牧師，

  你死了之後就是牧師靈。」





--
▃▃▃▃▃▃▃▃     ／￣￣￣￣＼▃▃▃▃▃▃▃▃▃
◣  ││         
│         ◥

◥


--
靠 我不知道!!",推,hsiuhsun,推,09/12 10:34
[地獄] 牧師死後,belleaya,78,https://www.ptt.cc/bbs/joke/M.1694409851.A.6C3.html,"有個牧師過世了

他的靈魂上了天堂

本來期待看到他信奉的上帝

沒想到來迎接他的是阿拉

他不禁狐疑地問說：

「為什麼不是上帝來迎接他？」




阿拉慈祥地告訴他：

「因為你是牧師，

  你死了之後就是牧師靈。」





--
▃▃▃▃▃▃▃▃     ／￣￣￣￣＼▃▃▃▃▃▃▃▃▃
◣  ││         
│         ◥

◥


--
靠 我不知道!!",推,abcrr123,諧音梗還不錯啊，推,09/12 11:02
[地獄] 牧師死後,belleaya,78,https://www.ptt.cc/bbs/joke/M.1694409851.A.6C3.html,"有個牧師過世了

他的靈魂上了天堂

本來期待看到他信奉的上帝

沒想到來迎接他的是阿拉

他不禁狐疑地問說：

「為什麼不是上帝來迎接他？」




阿拉慈祥地告訴他：

「因為你是牧師，

  你死了之後就是牧師靈。」





--
▃▃▃▃▃▃▃▃     ／￣￣￣￣＼▃▃▃▃▃▃▃▃▃
◣  ││         
│         ◥

◥


--
靠 我不知道!!",→,iloveqby,笑死,09/12 11:49
[地獄] 牧師死後,belleaya,78,https://www.ptt.cc/bbs/joke/M.1694409851.A.6C3.html,"有個牧師過世了

他的靈魂上了天堂

本來期待看到他信奉的上帝

沒想到來迎接他的是阿拉

他不禁狐疑地問說：

「為什麼不是上帝來迎接他？」




阿拉慈祥地告訴他：

「因為你是牧師，

  你死了之後就是牧師靈。」





--
▃▃▃▃▃▃▃▃     ／￣￣￣￣＼▃▃▃▃▃▃▃▃▃
◣  ││         
│         ◥

◥


--
靠 我不知道!!",推,pxndx,看笑話長知識,09/12 12:16
[地獄] 牧師死後,belleaya,78,https://www.ptt.cc/bbs/joke/M.1694409851.A.6C3.html,"有個牧師過世了

他的靈魂上了天堂

本來期待看到他信奉的上帝

沒想到來迎接他的是阿拉

他不禁狐疑地問說：

「為什麼不是上帝來迎接他？」




阿拉慈祥地告訴他：

「因為你是牧師，

  你死了之後就是牧師靈。」





--
▃▃▃▃▃▃▃▃     ／￣￣￣￣＼▃▃▃▃▃▃▃▃▃
◣  ││         
│         ◥

◥


--
靠 我不知道!!",推,best0811,XDDDDDD,09/12 12:40
[地獄] 牧師死後,belleaya,78,https://www.ptt.cc/bbs/joke/M.1694409851.A.6C3.html,"有個牧師過世了

他的靈魂上了天堂

本來期待看到他信奉的上帝

沒想到來迎接他的是阿拉

他不禁狐疑地問說：

「為什麼不是上帝來迎接他？」




阿拉慈祥地告訴他：

「因為你是牧師，

  你死了之後就是牧師靈。」





--
▃▃▃▃▃▃▃▃     ／￣￣￣￣＼▃▃▃▃▃▃▃▃▃
◣  ││         
│         ◥

◥


--
靠 我不知道!!",推,iamnotme,可惡 竟然是諧音笑話XD,09/12 12:41
[地獄] 牧師死後,belleaya,78,https://www.ptt.cc/bbs/joke/M.1694409851.A.6C3.html,"有個牧師過世了

他的靈魂上了天堂

本來期待看到他信奉的上帝

沒想到來迎接他的是阿拉

他不禁狐疑地問說：

「為什麼不是上帝來迎接他？」




阿拉慈祥地告訴他：

「因為你是牧師，

  你死了之後就是牧師靈。」





--
▃▃▃▃▃▃▃▃     ／￣￣￣￣＼▃▃▃▃▃▃▃▃▃
◣  ││         
│         ◥

◥


--
靠 我不知道!!",→,best0811,我到了認真版嗎？,09/12 12:41
[地獄] 牧師死後,belleaya,78,https://www.ptt.cc/bbs/joke/M.1694409851.A.6C3.html,"有個牧師過世了

他的靈魂上了天堂

本來期待看到他信奉的上帝

沒想到來迎接他的是阿拉

他不禁狐疑地問說：

「為什麼不是上帝來迎接他？」




阿拉慈祥地告訴他：

「因為你是牧師，

  你死了之後就是牧師靈。」





--
▃▃▃▃▃▃▃▃     ／￣￣￣￣＼▃▃▃▃▃▃▃▃▃
◣  ││         
│         ◥

◥


--
靠 我不知道!!",推,a2396494,笑點是有人宗教+歷史盲還大放厥詞嗎,09/12 12:43
[地獄] 牧師死後,belleaya,78,https://www.ptt.cc/bbs/joke/M.1694409851.A.6C3.html,"有個牧師過世了

他的靈魂上了天堂

本來期待看到他信奉的上帝

沒想到來迎接他的是阿拉

他不禁狐疑地問說：

「為什麼不是上帝來迎接他？」




阿拉慈祥地告訴他：

「因為你是牧師，

  你死了之後就是牧師靈。」





--
▃▃▃▃▃▃▃▃     ／￣￣￣￣＼▃▃▃▃▃▃▃▃▃
◣  ││         
│         ◥

◥


--
靠 我不知道!!",推,tobyddd,可以看看青蛙刀聖講解三教的簡史，講得很詳細,09/12 12:47
[地獄] 牧師死後,belleaya,78,https://www.ptt.cc/bbs/joke/M.1694409851.A.6C3.html,"有個牧師過世了

他的靈魂上了天堂

本來期待看到他信奉的上帝

沒想到來迎接他的是阿拉

他不禁狐疑地問說：

「為什麼不是上帝來迎接他？」




阿拉慈祥地告訴他：

「因為你是牧師，

  你死了之後就是牧師靈。」





--
▃▃▃▃▃▃▃▃     ／￣￣￣￣＼▃▃▃▃▃▃▃▃▃
◣  ││         
│         ◥

◥


--
靠 我不知道!!",→,tobyddd,https://youtube.com/playlist?list=PLg45KLfneaCSnuHMpL,09/12 12:47
[地獄] 牧師死後,belleaya,78,https://www.ptt.cc/bbs/joke/M.1694409851.A.6C3.html,"有個牧師過世了

他的靈魂上了天堂

本來期待看到他信奉的上帝

沒想到來迎接他的是阿拉

他不禁狐疑地問說：

「為什麼不是上帝來迎接他？」




阿拉慈祥地告訴他：

「因為你是牧師，

  你死了之後就是牧師靈。」





--
▃▃▃▃▃▃▃▃     ／￣￣￣￣＼▃▃▃▃▃▃▃▃▃
◣  ││         
│         ◥

◥


--
靠 我不知道!!",→,tobyddd,68n5f4dD2OcAlYb&si=ddro0CQ9iA60QDv6,09/12 12:47
[地獄] 牧師死後,belleaya,78,https://www.ptt.cc/bbs/joke/M.1694409851.A.6C3.html,"有個牧師過世了

他的靈魂上了天堂

本來期待看到他信奉的上帝

沒想到來迎接他的是阿拉

他不禁狐疑地問說：

「為什麼不是上帝來迎接他？」




阿拉慈祥地告訴他：

「因為你是牧師，

  你死了之後就是牧師靈。」





--
▃▃▃▃▃▃▃▃     ／￣￣￣￣＼▃▃▃▃▃▃▃▃▃
◣  ││         
│         ◥

◥


--
靠 我不知道!!",推,a2396494,「耶和華會這樣嗎？」 大洪水：,09/12 12:51
[地獄] 牧師死後,belleaya,78,https://www.ptt.cc/bbs/joke/M.1694409851.A.6C3.html,"有個牧師過世了

他的靈魂上了天堂

本來期待看到他信奉的上帝

沒想到來迎接他的是阿拉

他不禁狐疑地問說：

「為什麼不是上帝來迎接他？」




阿拉慈祥地告訴他：

「因為你是牧師，

  你死了之後就是牧師靈。」





--
▃▃▃▃▃▃▃▃     ／￣￣￣￣＼▃▃▃▃▃▃▃▃▃
◣  ││         
│         ◥

◥


--
靠 我不知道!!",→,a2396494,一個不高興就滅世的神，你認為祂和善☺,09/12 12:51
[地獄] 牧師死後,belleaya,78,https://www.ptt.cc/bbs/joke/M.1694409851.A.6C3.html,"有個牧師過世了

他的靈魂上了天堂

本來期待看到他信奉的上帝

沒想到來迎接他的是阿拉

他不禁狐疑地問說：

「為什麼不是上帝來迎接他？」




阿拉慈祥地告訴他：

「因為你是牧師，

  你死了之後就是牧師靈。」





--
▃▃▃▃▃▃▃▃     ／￣￣￣￣＼▃▃▃▃▃▃▃▃▃
◣  ││         
│         ◥

◥


--
靠 我不知道!!",推,nenini,這個很讚XD，好久沒有這麼有趣的了,09/12 13:16
[地獄] 牧師死後,belleaya,78,https://www.ptt.cc/bbs/joke/M.1694409851.A.6C3.html,"有個牧師過世了

他的靈魂上了天堂

本來期待看到他信奉的上帝

沒想到來迎接他的是阿拉

他不禁狐疑地問說：

「為什麼不是上帝來迎接他？」




阿拉慈祥地告訴他：

「因為你是牧師，

  你死了之後就是牧師靈。」





--
▃▃▃▃▃▃▃▃     ／￣￣￣￣＼▃▃▃▃▃▃▃▃▃
◣  ││         
│         ◥

◥


--
靠 我不知道!!",→,Chagny,阿拉和牧師都要講中文真慘,09/12 13:20
[地獄] 牧師死後,belleaya,78,https://www.ptt.cc/bbs/joke/M.1694409851.A.6C3.html,"有個牧師過世了

他的靈魂上了天堂

本來期待看到他信奉的上帝

沒想到來迎接他的是阿拉

他不禁狐疑地問說：

「為什麼不是上帝來迎接他？」




阿拉慈祥地告訴他：

「因為你是牧師，

  你死了之後就是牧師靈。」





--
▃▃▃▃▃▃▃▃     ／￣￣￣￣＼▃▃▃▃▃▃▃▃▃
◣  ││         
│         ◥

◥


--
靠 我不知道!!",推,MoronJJ,有料,09/12 13:35
[地獄] 牧師死後,belleaya,78,https://www.ptt.cc/bbs/joke/M.1694409851.A.6C3.html,"有個牧師過世了

他的靈魂上了天堂

本來期待看到他信奉的上帝

沒想到來迎接他的是阿拉

他不禁狐疑地問說：

「為什麼不是上帝來迎接他？」




阿拉慈祥地告訴他：

「因為你是牧師，

  你死了之後就是牧師靈。」





--
▃▃▃▃▃▃▃▃     ／￣￣￣￣＼▃▃▃▃▃▃▃▃▃
◣  ││         
│         ◥

◥


--
靠 我不知道!!",推,enjoyloli,滿好笑的,09/12 13:55
[地獄] 牧師死後,belleaya,78,https://www.ptt.cc/bbs/joke/M.1694409851.A.6C3.html,"有個牧師過世了

他的靈魂上了天堂

本來期待看到他信奉的上帝

沒想到來迎接他的是阿拉

他不禁狐疑地問說：

「為什麼不是上帝來迎接他？」




阿拉慈祥地告訴他：

「因為你是牧師，

  你死了之後就是牧師靈。」





--
▃▃▃▃▃▃▃▃     ／￣￣￣￣＼▃▃▃▃▃▃▃▃▃
◣  ││         
│         ◥

◥


--
靠 我不知道!!",推,digodi,不錯,09/12 14:05
[地獄] 牧師死後,belleaya,78,https://www.ptt.cc/bbs/joke/M.1694409851.A.6C3.html,"有個牧師過世了

他的靈魂上了天堂

本來期待看到他信奉的上帝

沒想到來迎接他的是阿拉

他不禁狐疑地問說：

「為什麼不是上帝來迎接他？」




阿拉慈祥地告訴他：

「因為你是牧師，

  你死了之後就是牧師靈。」





--
▃▃▃▃▃▃▃▃     ／￣￣￣￣＼▃▃▃▃▃▃▃▃▃
◣  ││         
│         ◥

◥


--
靠 我不知道!!",推,curance,耶和華不會拿劍，祂會直接天降火球跟大洪水,09/12 14:37
[地獄] 牧師死後,belleaya,78,https://www.ptt.cc/bbs/joke/M.1694409851.A.6C3.html,"有個牧師過世了

他的靈魂上了天堂

本來期待看到他信奉的上帝

沒想到來迎接他的是阿拉

他不禁狐疑地問說：

「為什麼不是上帝來迎接他？」




阿拉慈祥地告訴他：

「因為你是牧師，

  你死了之後就是牧師靈。」





--
▃▃▃▃▃▃▃▃     ／￣￣￣￣＼▃▃▃▃▃▃▃▃▃
◣  ││         
│         ◥

◥


--
靠 我不知道!!",→,bunnyer,不爭氣的笑了,09/12 14:48
[地獄] 牧師死後,belleaya,78,https://www.ptt.cc/bbs/joke/M.1694409851.A.6C3.html,"有個牧師過世了

他的靈魂上了天堂

本來期待看到他信奉的上帝

沒想到來迎接他的是阿拉

他不禁狐疑地問說：

「為什麼不是上帝來迎接他？」




阿拉慈祥地告訴他：

「因為你是牧師，

  你死了之後就是牧師靈。」





--
▃▃▃▃▃▃▃▃     ／￣￣￣￣＼▃▃▃▃▃▃▃▃▃
◣  ││         
│         ◥

◥


--
靠 我不知道!!",推,dick0428,哈哈哈有梗,09/12 14:56
[地獄] 牧師死後,belleaya,78,https://www.ptt.cc/bbs/joke/M.1694409851.A.6C3.html,"有個牧師過世了

他的靈魂上了天堂

本來期待看到他信奉的上帝

沒想到來迎接他的是阿拉

他不禁狐疑地問說：

「為什麼不是上帝來迎接他？」




阿拉慈祥地告訴他：

「因為你是牧師，

  你死了之後就是牧師靈。」





--
▃▃▃▃▃▃▃▃     ／￣￣￣￣＼▃▃▃▃▃▃▃▃▃
◣  ││         
│         ◥

◥


--
靠 我不知道!!",推,ray4206,這是小愛嗎,09/12 15:30
[地獄] 牧師死後,belleaya,78,https://www.ptt.cc/bbs/joke/M.1694409851.A.6C3.html,"有個牧師過世了

他的靈魂上了天堂

本來期待看到他信奉的上帝

沒想到來迎接他的是阿拉

他不禁狐疑地問說：

「為什麼不是上帝來迎接他？」




阿拉慈祥地告訴他：

「因為你是牧師，

  你死了之後就是牧師靈。」





--
▃▃▃▃▃▃▃▃     ／￣￣￣￣＼▃▃▃▃▃▃▃▃▃
◣  ││         
│         ◥

◥


--
靠 我不知道!!",推,kevin5603,ㄏㄏ,09/12 16:08
[地獄] 牧師死後,belleaya,78,https://www.ptt.cc/bbs/joke/M.1694409851.A.6C3.html,"有個牧師過世了

他的靈魂上了天堂

本來期待看到他信奉的上帝

沒想到來迎接他的是阿拉

他不禁狐疑地問說：

「為什麼不是上帝來迎接他？」




阿拉慈祥地告訴他：

「因為你是牧師，

  你死了之後就是牧師靈。」





--
▃▃▃▃▃▃▃▃     ／￣￣￣￣＼▃▃▃▃▃▃▃▃▃
◣  ││         
│         ◥

◥


--
靠 我不知道!!",推,yokan,XD,09/12 16:18
[地獄] 牧師死後,belleaya,78,https://www.ptt.cc/bbs/joke/M.1694409851.A.6C3.html,"有個牧師過世了

他的靈魂上了天堂

本來期待看到他信奉的上帝

沒想到來迎接他的是阿拉

他不禁狐疑地問說：

「為什麼不是上帝來迎接他？」




阿拉慈祥地告訴他：

「因為你是牧師，

  你死了之後就是牧師靈。」





--
▃▃▃▃▃▃▃▃     ／￣￣￣￣＼▃▃▃▃▃▃▃▃▃
◣  ││         
│         ◥

◥


--
靠 我不知道!!",推,sixtimes1,有笑有推,09/12 19:30
[地獄] 迴力鏢打到自己囉,sherlockan,48,https://www.ptt.cc/bbs/joke/M.1694238818.A.7B6.html,--,→,Ahhhhaaaa,台灣交通就是違規喊最大聲,09/09 14:09
[地獄] 迴力鏢打到自己囉,sherlockan,48,https://www.ptt.cc/bbs/joke/M.1694238818.A.7B6.html,--,推,jin956,一堆愛違規的 檢舉就是希望我的家人出門能行的更安全,09/09 15:32
[地獄] 迴力鏢打到自己囉,sherlockan,48,https://www.ptt.cc/bbs/joke/M.1694238818.A.7B6.html,--,→,remixk,第一眼看到笑了一下 想分享出去卻想到好像沒什麼關聯,09/09 15:52
[地獄] 迴力鏢打到自己囉,sherlockan,48,https://www.ptt.cc/bbs/joke/M.1694238818.A.7B6.html,--,推,agantw,因交通事故往生的也有可能是因為自己違規所致，不過一切,09/09 16:13
[地獄] 迴力鏢打到自己囉,sherlockan,48,https://www.ptt.cc/bbs/joke/M.1694238818.A.7B6.html,--,→,agantw,還是要看行車記錄影像啦,09/09 16:13
[地獄] 迴力鏢打到自己囉,sherlockan,48,https://www.ptt.cc/bbs/joke/M.1694238818.A.7B6.html,--,推,zzz54666,不檢舉了 被撞都是你家的事,09/09 16:35
[地獄] 迴力鏢打到自己囉,sherlockan,48,https://www.ptt.cc/bbs/joke/M.1694238818.A.7B6.html,--,推,s8800892000,害到哥哥囉,09/09 16:46
[地獄] 迴力鏢打到自己囉,sherlockan,48,https://www.ptt.cc/bbs/joke/M.1694238818.A.7B6.html,--,→,chanceiam,被撞你家的事跟誰違規有關嗎？,09/09 17:05
[地獄] 迴力鏢打到自己囉,sherlockan,48,https://www.ptt.cc/bbs/joke/M.1694238818.A.7B6.html,--,→,s910928,看不懂,09/09 18:04
[地獄] 迴力鏢打到自己囉,sherlockan,48,https://www.ptt.cc/bbs/joke/M.1694238818.A.7B6.html,--,→,pengjoker,好爽喔,09/09 18:14
[地獄] 迴力鏢打到自己囉,sherlockan,48,https://www.ptt.cc/bbs/joke/M.1694238818.A.7B6.html,--,噓,wino,無聊,09/09 18:15
[地獄] 迴力鏢打到自己囉,sherlockan,48,https://www.ptt.cc/bbs/joke/M.1694238818.A.7B6.html,--,噓,ccchenny,是他哥 又不是他,09/09 18:35
[地獄] 迴力鏢打到自己囉,sherlockan,48,https://www.ptt.cc/bbs/joke/M.1694238818.A.7B6.html,--,→,s5894143,看不懂,09/09 18:38
[地獄] 迴力鏢打到自己囉,sherlockan,48,https://www.ptt.cc/bbs/joke/M.1694238818.A.7B6.html,--,噓,assa123143,這叫哪門子的迴力鏢 太硬要了,09/09 18:41
[地獄] 迴力鏢打到自己囉,sherlockan,48,https://www.ptt.cc/bbs/joke/M.1694238818.A.7B6.html,--,推,ms0450240,違規達人現在需要別人的行車記錄器囉,09/09 18:56
[地獄] 迴力鏢打到自己囉,sherlockan,48,https://www.ptt.cc/bbs/joke/M.1694238818.A.7B6.html,--,噓,forRITZ,這算哪門子的迴力鏢？,09/09 19:08
[地獄] 迴力鏢打到自己囉,sherlockan,48,https://www.ptt.cc/bbs/joke/M.1694238818.A.7B6.html,--,→,lskd,很多硬要的檢舉怎麼說？,09/09 19:13
[地獄] 迴力鏢打到自己囉,sherlockan,48,https://www.ptt.cc/bbs/joke/M.1694238818.A.7B6.html,--,→,hat13201,下去,09/09 19:15
[地獄] 迴力鏢打到自己囉,sherlockan,48,https://www.ptt.cc/bbs/joke/M.1694238818.A.7B6.html,--,噓,raja1003,有什麼關聯 你真沒水準,09/09 20:08
[地獄] 迴力鏢打到自己囉,sherlockan,48,https://www.ptt.cc/bbs/joke/M.1694238818.A.7B6.html,--,推,pigman1331,有人可以解釋這則笑話的邏輯嗎？,09/09 20:26
[地獄] 迴力鏢打到自己囉,sherlockan,48,https://www.ptt.cc/bbs/joke/M.1694238818.A.7B6.html,--,推,hugh4132000,笑死，一堆生氣的是怎樣，被說中喔？,09/09 20:31
[地獄] 迴力鏢打到自己囉,sherlockan,48,https://www.ptt.cc/bbs/joke/M.1694238818.A.7B6.html,--,推,STRO,要看他哥哥怎麼過世的才知道什麼狀況吧,09/09 20:47
[地獄] 迴力鏢打到自己囉,sherlockan,48,https://www.ptt.cc/bbs/joke/M.1694238818.A.7B6.html,--,推,LiHowBen,行車記錄器跟強制險差不多吧，幾乎每台都有，不見得是迴,09/09 21:03
[地獄] 迴力鏢打到自己囉,sherlockan,48,https://www.ptt.cc/bbs/joke/M.1694238818.A.7B6.html,--,→,LiHowBen,力鏢吧,09/09 21:03
[地獄] 迴力鏢打到自己囉,sherlockan,48,https://www.ptt.cc/bbs/joke/M.1694238818.A.7B6.html,--,推,roach0,就是因為想減少違規才檢舉，結果生氣別人檢舉三小，現在遇,09/09 21:27
[地獄] 迴力鏢打到自己囉,sherlockan,48,https://www.ptt.cc/bbs/joke/M.1694238818.A.7B6.html,--,→,roach0,到別人違規自己受害，這不是迴力標嗎,09/09 21:27
[地獄] 迴力鏢打到自己囉,sherlockan,48,https://www.ptt.cc/bbs/joke/M.1694238818.A.7B6.html,--,噓,coldeath,消費別人車禍事故很好玩嗎,09/09 21:29
[地獄] 迴力鏢打到自己囉,sherlockan,48,https://www.ptt.cc/bbs/joke/M.1694238818.A.7B6.html,--,推,mofass,蠻好玩的,09/09 21:41
[地獄] 迴力鏢打到自己囉,sherlockan,48,https://www.ptt.cc/bbs/joke/M.1694238818.A.7B6.html,--,推,assa123143,25樓哪裡看到別人違規讓他哥受害？,09/09 21:41
[地獄] 迴力鏢打到自己囉,sherlockan,48,https://www.ptt.cc/bbs/joke/M.1694238818.A.7B6.html,--,噓,TolerTSAI,好像兩篇文沒關係欸,09/09 21:49
[地獄] 迴力鏢打到自己囉,sherlockan,48,https://www.ptt.cc/bbs/joke/M.1694238818.A.7B6.html,--,→,fljh301,你要的是檢舉用的行車記錄器嗎？抱歉被你罵完我覺得很羞,09/09 21:49
[地獄] 迴力鏢打到自己囉,sherlockan,48,https://www.ptt.cc/bbs/joke/M.1694238818.A.7B6.html,--,→,fljh301,愧就拆了,09/09 21:49
[地獄] 迴力鏢打到自己囉,sherlockan,48,https://www.ptt.cc/bbs/joke/M.1694238818.A.7B6.html,--,→,huckebein12,自己造的孽報應在哥哥身上,09/09 21:53
[地獄] 迴力鏢打到自己囉,sherlockan,48,https://www.ptt.cc/bbs/joke/M.1694238818.A.7B6.html,--,噓,shiaushoot,開放檢舉了交通也沒變比較好,09/09 22:06
[地獄] 迴力鏢打到自己囉,sherlockan,48,https://www.ptt.cc/bbs/joke/M.1694238818.A.7B6.html,--,推,singhome3432,沒人在檢舉一定更多交通意外發生吧？,09/09 22:07
[地獄] 迴力鏢打到自己囉,sherlockan,48,https://www.ptt.cc/bbs/joke/M.1694238818.A.7B6.html,--,推,liquidbox,明顯迴力鏢,09/09 22:09
[地獄] 迴力鏢打到自己囉,sherlockan,48,https://www.ptt.cc/bbs/joke/M.1694238818.A.7B6.html,--,→,roberio,這有什麼前因後果嗎？滿頭問號,09/09 22:11
[地獄] 迴力鏢打到自己囉,sherlockan,48,https://www.ptt.cc/bbs/joke/M.1694238818.A.7B6.html,--,推,remixk,不是早叫你哥別亂檢舉別人了..你看吧…,09/09 22:12
[地獄] 迴力鏢打到自己囉,sherlockan,48,https://www.ptt.cc/bbs/joke/M.1694238818.A.7B6.html,--,噓,yukiinsummer,這個有真人太地獄 先不跟,09/09 22:23
[地獄] 迴力鏢打到自己囉,sherlockan,48,https://www.ptt.cc/bbs/joke/M.1694238818.A.7B6.html,--,噓,mark29935161,太地獄 笑不出來抱歉,09/09 22:24
[地獄] 迴力鏢打到自己囉,sherlockan,48,https://www.ptt.cc/bbs/joke/M.1694238818.A.7B6.html,--,推,iamoldtwo,?,09/09 22:25
[地獄] 迴力鏢打到自己囉,sherlockan,48,https://www.ptt.cc/bbs/joke/M.1694238818.A.7B6.html,--,推,DICKASDF,開放檢舉 交通一定更好阿 跟你說啦,09/09 22:26
[地獄] 迴力鏢打到自己囉,sherlockan,48,https://www.ptt.cc/bbs/joke/M.1694238818.A.7B6.html,--,→,DICKASDF,你超速被開 不打方向燈被開等,09/09 22:27
[地獄] 迴力鏢打到自己囉,sherlockan,48,https://www.ptt.cc/bbs/joke/M.1694238818.A.7B6.html,--,→,DICKASDF,只需要重複兩三次 就會像訓練有素的狗一樣遵守,09/09 22:27
[地獄] 迴力鏢打到自己囉,sherlockan,48,https://www.ptt.cc/bbs/joke/M.1694238818.A.7B6.html,--,→,DICKASDF,除非你是那種沒名下財產收入拿現金罰不到,09/09 22:27
[地獄] 迴力鏢打到自己囉,sherlockan,48,https://www.ptt.cc/bbs/joke/M.1694238818.A.7B6.html,--,推,pttha,違規魔人,09/09 22:31
[地獄] 迴力鏢打到自己囉,sherlockan,48,https://www.ptt.cc/bbs/joke/M.1694238818.A.7B6.html,--,噓,bowtibetan,關聯？,09/09 22:43
[地獄] 迴力鏢打到自己囉,sherlockan,48,https://www.ptt.cc/bbs/joke/M.1694238818.A.7B6.html,--,推,LaplaceDemon,雖然很慘 不過我笑了,09/09 23:00
[地獄] 迴力鏢打到自己囉,sherlockan,48,https://www.ptt.cc/bbs/joke/M.1694238818.A.7B6.html,--,推,roach0,29樓，那如果他哥違規不就自業自得，沒人檢舉所以可以盡情,09/09 23:01
[地獄] 迴力鏢打到自己囉,sherlockan,48,https://www.ptt.cc/bbs/joke/M.1694238818.A.7B6.html,--,→,roach0,違規,09/09 23:01
[地獄] 迴力鏢打到自己囉,sherlockan,48,https://www.ptt.cc/bbs/joke/M.1694238818.A.7B6.html,--,推,ccps9550217,嘻嘻,09/09 23:41
[地獄] 迴力鏢打到自己囉,sherlockan,48,https://www.ptt.cc/bbs/joke/M.1694238818.A.7B6.html,--,推,kairiyu,塔塔？,09/09 23:46
[地獄] 迴力鏢打到自己囉,sherlockan,48,https://www.ptt.cc/bbs/joke/M.1694238818.A.7B6.html,--,推,kkes0001,爽,09/09 23:53
[地獄] 迴力鏢打到自己囉,sherlockan,48,https://www.ptt.cc/bbs/joke/M.1694238818.A.7B6.html,--,推,longkiss0618,看不出來他哥是怎麼過世的,09/10 00:07
[地獄] 迴力鏢打到自己囉,sherlockan,48,https://www.ptt.cc/bbs/joke/M.1694238818.A.7B6.html,--,噓,DJHANK,哪天你家人被撞死了，再來po文說迴力鏢打到你自己吧,09/10 00:11
[地獄] 迴力鏢打到自己囉,sherlockan,48,https://www.ptt.cc/bbs/joke/M.1694238818.A.7B6.html,--,推,nickcatwang,幹你娘迴力鏢又快又猛，準度極高,09/10 00:17
[地獄] 迴力鏢打到自己囉,sherlockan,48,https://www.ptt.cc/bbs/joke/M.1694238818.A.7B6.html,--,→,nickcatwang,違規被檢舉還大聲，現世報應到家人，但我想他一定還,09/10 00:19
[地獄] 迴力鏢打到自己囉,sherlockan,48,https://www.ptt.cc/bbs/joke/M.1694238818.A.7B6.html,--,→,nickcatwang,是覺得自己違規沒錯,09/10 00:19
[地獄] 迴力鏢打到自己囉,sherlockan,48,https://www.ptt.cc/bbs/joke/M.1694238818.A.7B6.html,--,推,h886927,不管是別人違規還他哥違規，都是因為違規被送走的所以算,09/10 00:24
[地獄] 迴力鏢打到自己囉,sherlockan,48,https://www.ptt.cc/bbs/joke/M.1694238818.A.7B6.html,--,→,h886927,迴力鏢吧。也有道路設計不良導致雙方都沒違規但,09/10 00:24
[地獄] 迴力鏢打到自己囉,sherlockan,48,https://www.ptt.cc/bbs/joke/M.1694238818.A.7B6.html,--,→,h886927,出事的可能性啦,09/10 00:24
[地獄] 迴力鏢打到自己囉,sherlockan,48,https://www.ptt.cc/bbs/joke/M.1694238818.A.7B6.html,--,推,a7462953,可憐哪,09/10 00:53
[地獄] 迴力鏢打到自己囉,sherlockan,48,https://www.ptt.cc/bbs/joke/M.1694238818.A.7B6.html,--,噓,processor,工三小,09/10 01:05
[地獄] 迴力鏢打到自己囉,sherlockan,48,https://www.ptt.cc/bbs/joke/M.1694238818.A.7B6.html,--,推,zyea,用路人可以檢舉違規是好事,09/10 01:09
[地獄] 迴力鏢打到自己囉,sherlockan,48,https://www.ptt.cc/bbs/joke/M.1694238818.A.7B6.html,--,→,james4141989,迴力鏢是指以前違規被行車記錄器檢舉到不爽，現在,09/10 01:37
[地獄] 迴力鏢打到自己囉,sherlockan,48,https://www.ptt.cc/bbs/joke/M.1694238818.A.7B6.html,--,→,james4141989,出事卻想求行車記錄器畫面吧,09/10 01:37
[地獄] 迴力鏢打到自己囉,sherlockan,48,https://www.ptt.cc/bbs/joke/M.1694238818.A.7B6.html,--,推,littlelinsyu,是指用記錄器檢舉這件事吧？,09/10 01:45
[地獄] 迴力鏢打到自己囉,sherlockan,48,https://www.ptt.cc/bbs/joke/M.1694238818.A.7B6.html,--,推,houjay,違規狗的確都是潛在殺人犯,09/10 02:02
[地獄] 迴力鏢打到自己囉,sherlockan,48,https://www.ptt.cc/bbs/joke/M.1694238818.A.7B6.html,--,推,RC8377,嘻嘻,09/10 02:20
[地獄] 迴力鏢打到自己囉,sherlockan,48,https://www.ptt.cc/bbs/joke/M.1694238818.A.7B6.html,--,→,kill45645,關聯大概是這猴自己愛違規，不爽別人檢舉。結果自己哥,09/10 02:22
[地獄] 迴力鏢打到自己囉,sherlockan,48,https://www.ptt.cc/bbs/joke/M.1694238818.A.7B6.html,--,→,kill45645,哥被違規的害死吧,09/10 02:22
[地獄] 迴力鏢打到自己囉,sherlockan,48,https://www.ptt.cc/bbs/joke/M.1694238818.A.7B6.html,--,→,asyoulikeit,你怎麼知道是被行車記錄器檢舉的，也有可能是手機,09/10 02:33
[地獄] 迴力鏢打到自己囉,sherlockan,48,https://www.ptt.cc/bbs/joke/M.1694238818.A.7B6.html,--,推,tim5201314,呵呵 違規一下又沒什麼 對吧,09/10 03:53
[地獄] 迴力鏢打到自己囉,sherlockan,48,https://www.ptt.cc/bbs/joke/M.1694238818.A.7B6.html,--,→,Rick790418,這完全兩回事吧，真要檢舉你去路上隨便都檢舉不完，但,09/10 06:15
[地獄] 迴力鏢打到自己囉,sherlockan,48,https://www.ptt.cc/bbs/joke/M.1694238818.A.7B6.html,--,→,Rick790418,就是心態問題,09/10 06:15
[地獄] 迴力鏢打到自己囉,sherlockan,48,https://www.ptt.cc/bbs/joke/M.1694238818.A.7B6.html,--,推,R3210,推文那些看不懂的麻瓜比本文好笑,09/10 06:16
[地獄] 迴力鏢打到自己囉,sherlockan,48,https://www.ptt.cc/bbs/joke/M.1694238818.A.7B6.html,--,推,AviciiWalker,推,09/10 06:19
[地獄] 迴力鏢打到自己囉,sherlockan,48,https://www.ptt.cc/bbs/joke/M.1694238818.A.7B6.html,--,推,sharmans,惡意違規 本來就蓄意殺人  補血,09/10 06:26
[地獄] 迴力鏢打到自己囉,sherlockan,48,https://www.ptt.cc/bbs/joke/M.1694238818.A.7B6.html,--,推,sworddragon,溫馨,09/10 06:52
[地獄] 迴力鏢打到自己囉,sherlockan,48,https://www.ptt.cc/bbs/joke/M.1694238818.A.7B6.html,--,→,musick,我遇到的很多檢舉根本是為檢舉而檢舉哦，牽強的一堆，變換,09/10 06:57
[地獄] 迴力鏢打到自己囉,sherlockan,48,https://www.ptt.cc/bbs/joke/M.1694238818.A.7B6.html,--,→,musick,車道截圖方向燈閃暗的一瞬間檢舉，呵呵,09/10 06:57
[地獄] 迴力鏢打到自己囉,sherlockan,48,https://www.ptt.cc/bbs/joke/M.1694238818.A.7B6.html,--,噓,mark31326,樓上你不知道要付影片嗎？還截圖勒，那只是罰單上的示,09/10 07:07
[地獄] 迴力鏢打到自己囉,sherlockan,48,https://www.ptt.cc/bbs/joke/M.1694238818.A.7B6.html,--,→,mark31326,意。媽的方向燈打好打滿他媽很難？不會開車他媽就不要,09/10 07:07
[地獄] 迴力鏢打到自己囉,sherlockan,48,https://www.ptt.cc/bbs/joke/M.1694238818.A.7B6.html,--,→,mark31326,上路,09/10 07:07
[地獄] 迴力鏢打到自己囉,sherlockan,48,https://www.ptt.cc/bbs/joke/M.1694238818.A.7B6.html,--,→,wang460313,交通違規最大聲 民代又「為民喉舌」「選民服務」觀念,09/10 07:14
[地獄] 迴力鏢打到自己囉,sherlockan,48,https://www.ptt.cc/bbs/joke/M.1694238818.A.7B6.html,--,→,wang460313,錯誤 才是台灣交通地獄的幫手,09/10 07:14
[地獄] 迴力鏢打到自己囉,sherlockan,48,https://www.ptt.cc/bbs/joke/M.1694238818.A.7B6.html,--,噓,rb510691,?,09/10 07:17
[地獄] 迴力鏢打到自己囉,sherlockan,48,https://www.ptt.cc/bbs/joke/M.1694238818.A.7B6.html,--,推,pp688039,違法的最大聲，笑死,09/10 07:17
[地獄] 迴力鏢打到自己囉,sherlockan,48,https://www.ptt.cc/bbs/joke/M.1694238818.A.7B6.html,--,推,assa123143,49樓  文章也看不出是別人違規或他哥違規啊  難道就不,09/10 07:34
[地獄] 迴力鏢打到自己囉,sherlockan,48,https://www.ptt.cc/bbs/joke/M.1694238818.A.7B6.html,--,→,assa123143,能自摔？,09/10 07:34
[地獄] 迴力鏢打到自己囉,sherlockan,48,https://www.ptt.cc/bbs/joke/M.1694238818.A.7B6.html,--,推,YuzuH,至少他下次不敢了,09/10 08:02
[地獄] 迴力鏢打到自己囉,sherlockan,48,https://www.ptt.cc/bbs/joke/M.1694238818.A.7B6.html,--,推,alfven,QQ,09/10 08:06
[地獄] 迴力鏢打到自己囉,sherlockan,48,https://www.ptt.cc/bbs/joke/M.1694238818.A.7B6.html,--,推,Semaj543,以為截圖一瞬間就能檢舉的比較好笑,09/10 08:07
[地獄] 迴力鏢打到自己囉,sherlockan,48,https://www.ptt.cc/bbs/joke/M.1694238818.A.7B6.html,--,推,Innofance,https://shorturl.at/noDW6,09/10 08:15
[地獄] 迴力鏢打到自己囉,sherlockan,48,https://www.ptt.cc/bbs/joke/M.1694238818.A.7B6.html,--,→,Innofance,遇到鬼切仔囉,09/10 08:16
[地獄] 迴力鏢打到自己囉,sherlockan,48,https://www.ptt.cc/bbs/joke/M.1694238818.A.7B6.html,--,推,FlyBird,哈哈可悲，你沒問題人家能檢舉你？,09/10 09:15
[地獄] 迴力鏢打到自己囉,sherlockan,48,https://www.ptt.cc/bbs/joke/M.1694238818.A.7B6.html,--,推,nohssiwi,在靠北靠木別人檢舉違規，結果可能因為別人沒檢舉到的違,09/10 09:17
[地獄] 迴力鏢打到自己囉,sherlockan,48,https://www.ptt.cc/bbs/joke/M.1694238818.A.7B6.html,--,→,nohssiwi,規仔把他哥撞死了...,09/10 09:17
[地獄] 迴力鏢打到自己囉,sherlockan,48,https://www.ptt.cc/bbs/joke/M.1694238818.A.7B6.html,--,推,twofm,一堆違規魔人駕照不知道怎麼考的,09/10 09:22
[地獄] 迴力鏢打到自己囉,sherlockan,48,https://www.ptt.cc/bbs/joke/M.1694238818.A.7B6.html,--,噓,Vincent233,怪 這也能滑坡成有人違規害家人受害 這邊是通靈版,09/10 09:27
[地獄] 迴力鏢打到自己囉,sherlockan,48,https://www.ptt.cc/bbs/joke/M.1694238818.A.7B6.html,--,→,Vincent233,？,09/10 09:27
[地獄] 迴力鏢打到自己囉,sherlockan,48,https://www.ptt.cc/bbs/joke/M.1694238818.A.7B6.html,--,推,thaleschou,呵,09/10 09:36
[地獄] 迴力鏢打到自己囉,sherlockan,48,https://www.ptt.cc/bbs/joke/M.1694238818.A.7B6.html,--,推,kimokimocom,可以去監理處看影片啊 能過都會有影片的,09/10 09:48
[地獄] 迴力鏢打到自己囉,sherlockan,48,https://www.ptt.cc/bbs/joke/M.1694238818.A.7B6.html,--,推,sushih3621,笑死，啊這就迴力鏢。啊如果他哥或撞他哥的不違規，,09/10 10:00
[地獄] 迴力鏢打到自己囉,sherlockan,48,https://www.ptt.cc/bbs/joke/M.1694238818.A.7B6.html,--,→,sushih3621,有可能發生車禍嗎？樓上一堆噓文惱羞狡辯。,09/10 10:00
[地獄] 迴力鏢打到自己囉,sherlockan,48,https://www.ptt.cc/bbs/joke/M.1694238818.A.7B6.html,--,推,jamee,以前我也是選擇性守交通規矩。4年前的9月，1個月內被開4張,09/10 10:01
[地獄] 迴力鏢打到自己囉,sherlockan,48,https://www.ptt.cc/bbs/joke/M.1694238818.A.7B6.html,--,→,jamee,紅線停車被罰3600…我就變得很乖了。很遵守交通規則，至今,09/10 10:01
[地獄] 迴力鏢打到自己囉,sherlockan,48,https://www.ptt.cc/bbs/joke/M.1694238818.A.7B6.html,--,→,jamee,沒再被開單了。,09/10 10:01
[地獄] 迴力鏢打到自己囉,sherlockan,48,https://www.ptt.cc/bbs/joke/M.1694238818.A.7B6.html,--,推,scott50110,蠻好笑的啊,09/10 10:02
[地獄] 迴力鏢打到自己囉,sherlockan,48,https://www.ptt.cc/bbs/joke/M.1694238818.A.7B6.html,--,推,assa123143,某些推文 車禍=違規 最好笑,09/10 10:05
[地獄] 迴力鏢打到自己囉,sherlockan,48,https://www.ptt.cc/bbs/joke/M.1694238818.A.7B6.html,--,→,assa123143,Joke哪時候變成要腦補+通靈了,09/10 10:05
[地獄] 迴力鏢打到自己囉,sherlockan,48,https://www.ptt.cc/bbs/joke/M.1694238818.A.7B6.html,--,推,SeTeVen,笑死,09/10 10:07
[地獄] 迴力鏢打到自己囉,sherlockan,48,https://www.ptt.cc/bbs/joke/M.1694238818.A.7B6.html,--,→,SeTeVen,四輪違規猴崩潰囉,09/10 10:08
[地獄] 迴力鏢打到自己囉,sherlockan,48,https://www.ptt.cc/bbs/joke/M.1694238818.A.7B6.html,--,推,gentryX,阿彌陀佛,09/10 10:09
[地獄] 迴力鏢打到自己囉,sherlockan,48,https://www.ptt.cc/bbs/joke/M.1694238818.A.7B6.html,--,噓,vdvd,你是不是硬要檢舉別人,09/10 10:17
[地獄] 迴力鏢打到自己囉,sherlockan,48,https://www.ptt.cc/bbs/joke/M.1694238818.A.7B6.html,--,噓,greatliona,好笑@@？,09/10 10:24
[地獄] 迴力鏢打到自己囉,sherlockan,48,https://www.ptt.cc/bbs/joke/M.1694238818.A.7B6.html,--,推,Dayton,爽 違規魔人的業障總算爆了,09/10 10:27
[地獄] 迴力鏢打到自己囉,sherlockan,48,https://www.ptt.cc/bbs/joke/M.1694238818.A.7B6.html,--,推,maplain,惡意違規就是故意殺人，幫推,09/10 10:33
[地獄] 迴力鏢打到自己囉,sherlockan,48,https://www.ptt.cc/bbs/joke/M.1694238818.A.7B6.html,--,噓,junepuff,...,09/10 10:42
[地獄] 迴力鏢打到自己囉,sherlockan,48,https://www.ptt.cc/bbs/joke/M.1694238818.A.7B6.html,--,推,GGINDOWBOW,確實 大家都能夠不違規的話相信事故能夠少很多,09/10 10:43
[地獄] 迴力鏢打到自己囉,sherlockan,48,https://www.ptt.cc/bbs/joke/M.1694238818.A.7B6.html,--,推,whhw,笑死,09/10 11:12
[地獄] 迴力鏢打到自己囉,sherlockan,48,https://www.ptt.cc/bbs/joke/M.1694238818.A.7B6.html,--,噓,kent88899589,你不爽嗎？,09/10 11:47
[地獄] 迴力鏢打到自己囉,sherlockan,48,https://www.ptt.cc/bbs/joke/M.1694238818.A.7B6.html,--,→,lip335513,好舒服的發文,09/10 11:48
[地獄] 迴力鏢打到自己囉,sherlockan,48,https://www.ptt.cc/bbs/joke/M.1694238818.A.7B6.html,--,噓,griswold,關聯性在哪？,09/10 11:55
[地獄] 迴力鏢打到自己囉,sherlockan,48,https://www.ptt.cc/bbs/joke/M.1694238818.A.7B6.html,--,推,Ronwill955,哈哈,09/10 12:35
[地獄] 迴力鏢打到自己囉,sherlockan,48,https://www.ptt.cc/bbs/joke/M.1694238818.A.7B6.html,--,→,virleo,的確迴力鏢啊 但不是很好笑,09/10 12:37
[地獄] 迴力鏢打到自己囉,sherlockan,48,https://www.ptt.cc/bbs/joke/M.1694238818.A.7B6.html,--,推,jovialguy,求仁得仁,09/10 12:44
[地獄] 迴力鏢打到自己囉,sherlockan,48,https://www.ptt.cc/bbs/joke/M.1694238818.A.7B6.html,--,推,krn13579,違規魔人惱羞,09/10 12:57
[地獄] 迴力鏢打到自己囉,sherlockan,48,https://www.ptt.cc/bbs/joke/M.1694238818.A.7B6.html,--,噓,sasado,這好笑嗎？,09/10 12:58
[地獄] 迴力鏢打到自己囉,sherlockan,48,https://www.ptt.cc/bbs/joke/M.1694238818.A.7B6.html,--,推,alucarrd,笑死，我是笑推文,09/10 13:09
[地獄] 迴力鏢打到自己囉,sherlockan,48,https://www.ptt.cc/bbs/joke/M.1694238818.A.7B6.html,--,推,kaitokid1214,很好笑啊 違能你不能,09/10 13:09
[地獄] 迴力鏢打到自己囉,sherlockan,48,https://www.ptt.cc/bbs/joke/M.1694238818.A.7B6.html,--,推,iamgodisme,不得不說有些檢舉魔人真的很噁心,09/10 13:20
[地獄] 迴力鏢打到自己囉,sherlockan,48,https://www.ptt.cc/bbs/joke/M.1694238818.A.7B6.html,--,→,iamgodisme,道路設計、畫線有問題 檢舉後被檢舉人還要去申訴,09/10 13:21
[地獄] 迴力鏢打到自己囉,sherlockan,48,https://www.ptt.cc/bbs/joke/M.1694238818.A.7B6.html,--,推,trashcan0512,希望走的很痛苦,09/10 13:56
[地獄] 迴力鏢打到自己囉,sherlockan,48,https://www.ptt.cc/bbs/joke/M.1694238818.A.7B6.html,--,推,XD2009,不錯笑,09/10 14:38
[地獄] 迴力鏢打到自己囉,sherlockan,48,https://www.ptt.cc/bbs/joke/M.1694238818.A.7B6.html,--,推,yzkeroro,違規魔人氣噗噗笑死,09/10 15:14
[地獄] 迴力鏢打到自己囉,sherlockan,48,https://www.ptt.cc/bbs/joke/M.1694238818.A.7B6.html,--,推,zenwoon,違規魔人思維：不是自己違規害死自己家人，是別人違規害,09/10 15:21
[地獄] 迴力鏢打到自己囉,sherlockan,48,https://www.ptt.cc/bbs/joke/M.1694238818.A.7B6.html,--,→,zenwoon,的，所以不是回力鏢,09/10 15:21
[地獄] 迴力鏢打到自己囉,sherlockan,48,https://www.ptt.cc/bbs/joke/M.1694238818.A.7B6.html,--,→,tactics2100,大概意思可能是 違規的人撞死他哥了 而他自己就愛違,09/10 15:37
[地獄] 迴力鏢打到自己囉,sherlockan,48,https://www.ptt.cc/bbs/joke/M.1694238818.A.7B6.html,--,→,tactics2100,規的人之一,09/10 15:37
[地獄] 迴力鏢打到自己囉,sherlockan,48,https://www.ptt.cc/bbs/joke/M.1694238818.A.7B6.html,--,推,EYECTV,笑死，違規魔人氣pupu,09/10 16:03
[地獄] 迴力鏢打到自己囉,sherlockan,48,https://www.ptt.cc/bbs/joke/M.1694238818.A.7B6.html,--,推,HunterLin24,不要違規就不會被檢舉，違規魔人好像不會檢討自己，,09/10 16:20
[地獄] 迴力鏢打到自己囉,sherlockan,48,https://www.ptt.cc/bbs/joke/M.1694238818.A.7B6.html,--,→,HunterLin24,結果出事又要別人提供錄到他的影片，笑死,09/10 16:20
[地獄] 迴力鏢打到自己囉,sherlockan,48,https://www.ptt.cc/bbs/joke/M.1694238818.A.7B6.html,--,推,ChikanDesu,笑死 不能消費嗎 讓馬路變亂的幫兇之ㄧ活該啦,09/10 16:24
[地獄] 迴力鏢打到自己囉,sherlockan,48,https://www.ptt.cc/bbs/joke/M.1694238818.A.7B6.html,--,噓,luke7495,。,09/10 16:41
[地獄] 迴力鏢打到自己囉,sherlockan,48,https://www.ptt.cc/bbs/joke/M.1694238818.A.7B6.html,--,噓,pigman1331,有錄影的人=會檢舉的人。這是什麼邏輯？,09/10 16:45
[地獄] 迴力鏢打到自己囉,sherlockan,48,https://www.ptt.cc/bbs/joke/M.1694238818.A.7B6.html,--,噓,pigman1331,然後也不知道他哥出哪種車禍死的，就要說違規的人害的,09/10 16:48
[地獄] 迴力鏢打到自己囉,sherlockan,48,https://www.ptt.cc/bbs/joke/M.1694238818.A.7B6.html,--,→,pigman1331,。邏輯錯誤一堆實在不知道要怎麼當笑話,09/10 16:48
[地獄] 迴力鏢打到自己囉,sherlockan,48,https://www.ptt.cc/bbs/joke/M.1694238818.A.7B6.html,--,推,maccty159,讚，垃圾死好,09/10 16:50
[地獄] 迴力鏢打到自己囉,sherlockan,48,https://www.ptt.cc/bbs/joke/M.1694238818.A.7B6.html,--,噓,n3688,"0分,有裝行車記錄器不代表會亂檢舉",09/10 16:50
[地獄] 迴力鏢打到自己囉,sherlockan,48,https://www.ptt.cc/bbs/joke/M.1694238818.A.7B6.html,--,噓,CDing,推文怎麼知道哥哥是違規死掉？通靈？,09/10 17:49
[地獄] 迴力鏢打到自己囉,sherlockan,48,https://www.ptt.cc/bbs/joke/M.1694238818.A.7B6.html,--,→,CDing,我當然討厭違規猴 但也討厭智障,09/10 17:50
[地獄] 迴力鏢打到自己囉,sherlockan,48,https://www.ptt.cc/bbs/joke/M.1694238818.A.7B6.html,--,推,qaz0808x0318,違規魔人生77了哈哈,09/10 17:52
[地獄] 迴力鏢打到自己囉,sherlockan,48,https://www.ptt.cc/bbs/joke/M.1694238818.A.7B6.html,--,噓,tactics2100,肇逃就是違規啊 不然幹嘛需要影像？,09/10 18:24
[地獄] 迴力鏢打到自己囉,sherlockan,48,https://www.ptt.cc/bbs/joke/M.1694238818.A.7B6.html,--,→,tactics2100,想要影像就是想證明對方違規啊,09/10 18:25
[地獄] 迴力鏢打到自己囉,sherlockan,48,https://www.ptt.cc/bbs/joke/M.1694238818.A.7B6.html,--,→,dennis02,僥倖違規後來就害死別人家人,09/10 18:54
[地獄] 迴力鏢打到自己囉,sherlockan,48,https://www.ptt.cc/bbs/joke/M.1694238818.A.7B6.html,--,噓,jacky8336,我覺得還好,09/10 19:50
[地獄] 迴力鏢打到自己囉,sherlockan,48,https://www.ptt.cc/bbs/joke/M.1694238818.A.7B6.html,--,推,kimokimocom,違規魔人怎麼生氣了,09/10 19:58
[地獄] 迴力鏢打到自己囉,sherlockan,48,https://www.ptt.cc/bbs/joke/M.1694238818.A.7B6.html,--,推,david12763,邏輯應該是被違規的弄吧,09/10 20:00
[地獄] 迴力鏢打到自己囉,sherlockan,48,https://www.ptt.cc/bbs/joke/M.1694238818.A.7B6.html,--,噓,vaiking0120,無聊,09/10 20:07
[地獄] 迴力鏢打到自己囉,sherlockan,48,https://www.ptt.cc/bbs/joke/M.1694238818.A.7B6.html,--,推,pubao,其實滿好笑的,09/10 20:08
[地獄] 迴力鏢打到自己囉,sherlockan,48,https://www.ptt.cc/bbs/joke/M.1694238818.A.7B6.html,--,噓,jipq6175,沒笑,09/10 20:25
[地獄] 迴力鏢打到自己囉,sherlockan,48,https://www.ptt.cc/bbs/joke/M.1694238818.A.7B6.html,--,推,chris529tw,通常自摔不會要影片，需要證據都是準備告人了，所以大,09/10 20:27
[地獄] 迴力鏢打到自己囉,sherlockan,48,https://www.ptt.cc/bbs/joke/M.1694238818.A.7B6.html,--,→,chris529tw,機率是被違規仔擊落,09/10 20:27
[地獄] 迴力鏢打到自己囉,sherlockan,48,https://www.ptt.cc/bbs/joke/M.1694238818.A.7B6.html,--,推,cheno6604,噓文比笑話好笑,09/10 20:27
[地獄] 迴力鏢打到自己囉,sherlockan,48,https://www.ptt.cc/bbs/joke/M.1694238818.A.7B6.html,--,推,blackman180,上面推文有附新聞了。,09/10 20:46
[地獄] 迴力鏢打到自己囉,sherlockan,48,https://www.ptt.cc/bbs/joke/M.1694238818.A.7B6.html,--,推,assddd0206,笑了 哈哈,09/10 21:01
[地獄] 迴力鏢打到自己囉,sherlockan,48,https://www.ptt.cc/bbs/joke/M.1694238818.A.7B6.html,--,推,Faicha,是不是有違規猴崩潰了？,09/10 21:14
[地獄] 迴力鏢打到自己囉,sherlockan,48,https://www.ptt.cc/bbs/joke/M.1694238818.A.7B6.html,--,→,topahot9303,違規少一點 車禍就少一點,09/10 21:21
[地獄] 迴力鏢打到自己囉,sherlockan,48,https://www.ptt.cc/bbs/joke/M.1694238818.A.7B6.html,--,推,sleepgod0602,釣出好多違規魔人,09/10 21:56
[地獄] 迴力鏢打到自己囉,sherlockan,48,https://www.ptt.cc/bbs/joke/M.1694238818.A.7B6.html,--,推,samjiao,溫馨,09/10 22:59
[地獄] 迴力鏢打到自己囉,sherlockan,48,https://www.ptt.cc/bbs/joke/M.1694238818.A.7B6.html,--,噓,jodawa,這個真的太超過了吧 這種事已經不好笑了,09/10 23:08
[地獄] 迴力鏢打到自己囉,sherlockan,48,https://www.ptt.cc/bbs/joke/M.1694238818.A.7B6.html,--,推,ck901372,沒笑，但是給推，開放檢舉才對,09/10 23:48
[地獄] 迴力鏢打到自己囉,sherlockan,48,https://www.ptt.cc/bbs/joke/M.1694238818.A.7B6.html,--,噓,starburs,這跟迴力鏢有個屁關係？,09/10 23:55
[地獄] 迴力鏢打到自己囉,sherlockan,48,https://www.ptt.cc/bbs/joke/M.1694238818.A.7B6.html,--,推,bbb67142002,看不懂的人，你們以前閱讀理解題都拿不到分，對吧,09/11 00:01
[地獄] 迴力鏢打到自己囉,sherlockan,48,https://www.ptt.cc/bbs/joke/M.1694238818.A.7B6.html,--,噓,idlerpaper,看不懂邏輯 下去,09/11 00:20
[地獄] 迴力鏢打到自己囉,sherlockan,48,https://www.ptt.cc/bbs/joke/M.1694238818.A.7B6.html,--,推,sank,爽,09/11 00:28
[地獄] 迴力鏢打到自己囉,sherlockan,48,https://www.ptt.cc/bbs/joke/M.1694238818.A.7B6.html,--,噓,T4XI,他媽智障 迴力鏢什麼意思都不知道,09/11 00:37
[地獄] 迴力鏢打到自己囉,sherlockan,48,https://www.ptt.cc/bbs/joke/M.1694238818.A.7B6.html,--,噓,kobebryant08,跟家人有什麼關係,09/11 07:25
[地獄] 迴力鏢打到自己囉,sherlockan,48,https://www.ptt.cc/bbs/joke/M.1694238818.A.7B6.html,--,→,tactics2100,那為什麼會有人罵生兒子沒屁眼？ 當然就是和家人有關,09/11 08:13
[地獄] 迴力鏢打到自己囉,sherlockan,48,https://www.ptt.cc/bbs/joke/M.1694238818.A.7B6.html,--,→,tactics2100,係也算迴力鏢啊,09/11 08:13
[地獄] 迴力鏢打到自己囉,sherlockan,48,https://www.ptt.cc/bbs/joke/M.1694238818.A.7B6.html,--,推,tom12122323,一堆違規魔人崩潰,09/11 08:41
[地獄] 迴力鏢打到自己囉,sherlockan,48,https://www.ptt.cc/bbs/joke/M.1694238818.A.7B6.html,--,噓,gxn,1.行車記錄器不是為了檢舉而裝2.車禍不見得是違規有關,09/11 08:51
[地獄] 迴力鏢打到自己囉,sherlockan,48,https://www.ptt.cc/bbs/joke/M.1694238818.A.7B6.html,--,→,tactics2100,車禍也不見得都不是違規造成的啊,09/11 08:53
[地獄] 迴力鏢打到自己囉,sherlockan,48,https://www.ptt.cc/bbs/joke/M.1694238818.A.7B6.html,--,→,tactics2100,有些人就是為了檢舉而裝的啊,09/11 08:54
[地獄] 迴力鏢打到自己囉,sherlockan,48,https://www.ptt.cc/bbs/joke/M.1694238818.A.7B6.html,--,噓,depwrd470100,,09/11 08:59
[地獄] 迴力鏢打到自己囉,sherlockan,48,https://www.ptt.cc/bbs/joke/M.1694238818.A.7B6.html,--,噓,rocit,徊,09/11 09:58
[地獄] 迴力鏢打到自己囉,sherlockan,48,https://www.ptt.cc/bbs/joke/M.1694238818.A.7B6.html,--,推,phil0113,檢舉違規就是為了減少可能的不幸，看不懂的腦弱還是別出,09/11 10:33
[地獄] 迴力鏢打到自己囉,sherlockan,48,https://www.ptt.cc/bbs/joke/M.1694238818.A.7B6.html,--,→,phil0113,門吧,09/11 10:33
[地獄] 迴力鏢打到自己囉,sherlockan,48,https://www.ptt.cc/bbs/joke/M.1694238818.A.7B6.html,--,噓,diedikanny,這個要凹迴力鏢有點硬要啊 老鴿 內容不夠充足 關聯性,09/11 10:55
[地獄] 迴力鏢打到自己囉,sherlockan,48,https://www.ptt.cc/bbs/joke/M.1694238818.A.7B6.html,--,→,diedikanny,不夠多，為了地獄而地獄已經沒有地獄的初心了，你會下,09/11 10:55
[地獄] 迴力鏢打到自己囉,sherlockan,48,https://www.ptt.cc/bbs/joke/M.1694238818.A.7B6.html,--,→,diedikanny,地獄,09/11 10:55
[地獄] 迴力鏢打到自己囉,sherlockan,48,https://www.ptt.cc/bbs/joke/M.1694238818.A.7B6.html,--,推,sses40713,可憐哪,09/11 12:38
[地獄] 迴力鏢打到自己囉,sherlockan,48,https://www.ptt.cc/bbs/joke/M.1694238818.A.7B6.html,--,推,jjalu,現世報,09/11 14:24
[地獄] 迴力鏢打到自己囉,sherlockan,48,https://www.ptt.cc/bbs/joke/M.1694238818.A.7B6.html,--,→,JUSTNONE,結果有人提供影片後發現違規主要肇責就是他家人....,09/11 16:32
[地獄] 迴力鏢打到自己囉,sherlockan,48,https://www.ptt.cc/bbs/joke/M.1694238818.A.7B6.html,--,噓,Peter5566,haha point? 87,09/11 17:55
[地獄] 迴力鏢打到自己囉,sherlockan,48,https://www.ptt.cc/bbs/joke/M.1694238818.A.7B6.html,--,推,SeTeVen,四輪違規賤種猴崩潰我就推,09/12 02:21
[地獄] 迴力鏢打到自己囉,sherlockan,48,https://www.ptt.cc/bbs/joke/M.1694238818.A.7B6.html,--,噓,hsiantinc,?,09/12 05:12
[地獄] 迴力鏢打到自己囉,sherlockan,48,https://www.ptt.cc/bbs/joke/M.1694238818.A.7B6.html,--,噓,sirius65482,兩者有關聯嗎？,09/12 12:05
[地獄] 迴力鏢打到自己囉,sherlockan,48,https://www.ptt.cc/bbs/joke/M.1694238818.A.7B6.html,--,推,tea723,當初罵別人用行車記錄器檢舉違規，現在需要別人的行車記錄,09/12 13:16
[地獄] 迴力鏢打到自己囉,sherlockan,48,https://www.ptt.cc/bbs/joke/M.1694238818.A.7B6.html,--,→,tea723,器看有沒有人違規撞到他哥，這不是明顯打臉嗎？,09/12 13:16
[地獄] 迴力鏢打到自己囉,sherlockan,48,https://www.ptt.cc/bbs/joke/M.1694238818.A.7B6.html,--,噓,c87633,如果是他哥違規走了才算迴力鏢吧,09/12 14:05
[地獄] 迴力鏢打到自己囉,sherlockan,48,https://www.ptt.cc/bbs/joke/M.1694238818.A.7B6.html,--,推,twinsen,猴子-1,09/12 14:47
[地獄] 迴力鏢打到自己囉,sherlockan,48,https://www.ptt.cc/bbs/joke/M.1694238818.A.7B6.html,--,推,onexiang,乖乖守規矩用路就不用行車記錄器，檢舉兼證據，檢舉是為,09/12 14:56
[地獄] 迴力鏢打到自己囉,sherlockan,48,https://www.ptt.cc/bbs/joke/M.1694238818.A.7B6.html,--,→,onexiang,了在沒出事的時候警示不適任駕駛改善以確保未來其他用路,09/12 14:56
[地獄] 迴力鏢打到自己囉,sherlockan,48,https://www.ptt.cc/bbs/joke/M.1694238818.A.7B6.html,--,→,onexiang,人安全，漏網之魚或是無視的人在天時地利人和的時候就會,09/12 14:56
[地獄] 迴力鏢打到自己囉,sherlockan,48,https://www.ptt.cc/bbs/joke/M.1694238818.A.7B6.html,--,→,onexiang,碰上了，輕則財損重則傷亡。業力引爆這麼明顯的文還看不,09/12 14:56
[地獄] 迴力鏢打到自己囉,sherlockan,48,https://www.ptt.cc/bbs/joke/M.1694238818.A.7B6.html,--,→,onexiang,懂，要求廢國文科目是想讓大家都跟你們閱讀一樣水準嗎？,09/12 14:56
[地獄] 迴力鏢打到自己囉,sherlockan,48,https://www.ptt.cc/bbs/joke/M.1694238818.A.7B6.html,--,噓,JameerNe1son,好笑的是看不懂中文的違規仔，看不懂中文也難怪常常,09/12 15:12
[地獄] 迴力鏢打到自己囉,sherlockan,48,https://www.ptt.cc/bbs/joke/M.1694238818.A.7B6.html,--,→,JameerNe1son,違規,09/12 15:12
[地獄] 哪個展覽活動待人冷淡,Hanedas,3,https://www.ptt.cc/bbs/joke/M.1693932594.A.B11.html,"客博會

--",推,remixk,肩酸,09/06 08:00
[地獄] 哪個展覽活動待人冷淡,Hanedas,3,https://www.ptt.cc/bbs/joke/M.1693932594.A.B11.html,"客博會

--",推,ming0408,就可已死,09/06 09:17
[地獄] 哪個展覽活動待人冷淡,Hanedas,3,https://www.ptt.cc/bbs/joke/M.1693932594.A.B11.html,"客博會

--",→,castlabell,哈哈,09/06 16:53
[地獄] 哪個展覽活動待人冷淡,Hanedas,3,https://www.ptt.cc/bbs/joke/M.1693932594.A.B11.html,"客博會

--",→,castlabell,美食展沒人qq,09/06 16:53
[地獄] 哪個展覽活動待人冷淡,Hanedas,3,https://www.ptt.cc/bbs/joke/M.1693932594.A.B11.html,"客博會

--",推,if4,客家文化博覽會,09/06 17:05
[地獄] 孝順的阿明,xx49874039,4,https://www.ptt.cc/bbs/joke/M.1693316842.A.0C1.html,"阿明是一個很孝順的孩子

有一天他因為不明原因死了

於是家屬安排驗屍

只見法醫驗屍報告註明死因：

.
.
.
.
.
.

「孝死」
-----
Sent from JPTT on my iPhone

--",推,if4,不是「笑死」嗎？XD,08/29 22:10
[地獄] 孝順的阿明,xx49874039,4,https://www.ptt.cc/bbs/joke/M.1693316842.A.0C1.html,"阿明是一個很孝順的孩子

有一天他因為不明原因死了

於是家屬安排驗屍

只見法醫驗屍報告註明死因：

.
.
.
.
.
.

「孝死」
-----
Sent from JPTT on my iPhone

--",推,lskd,就是孝死音同笑死才好笑 不要說破好嗎,08/29 22:21
[地獄] 孝順的阿明,xx49874039,4,https://www.ptt.cc/bbs/joke/M.1693316842.A.0C1.html,"阿明是一個很孝順的孩子

有一天他因為不明原因死了

於是家屬安排驗屍

只見法醫驗屍報告註明死因：

.
.
.
.
.
.

「孝死」
-----
Sent from JPTT on my iPhone

--",→,xx49874039,哈哈,08/29 22:50
[地獄] 孝順的阿明,xx49874039,4,https://www.ptt.cc/bbs/joke/M.1693316842.A.0C1.html,"阿明是一個很孝順的孩子

有一天他因為不明原因死了

於是家屬安排驗屍

只見法醫驗屍報告註明死因：

.
.
.
.
.
.

「孝死」
-----
Sent from JPTT on my iPhone

--",→,frommr,我知道，24笑,08/29 22:55
[地獄] 孝順的阿明,xx49874039,4,https://www.ptt.cc/bbs/joke/M.1693316842.A.0C1.html,"阿明是一個很孝順的孩子

有一天他因為不明原因死了

於是家屬安排驗屍

只見法醫驗屍報告註明死因：

.
.
.
.
.
.

「孝死」
-----
Sent from JPTT on my iPhone

--",推,basara30,阿明聽到醫生開藥說，藥效12小時，阿明就笑死了,08/30 09:29
[地獄] 孝順的阿明,xx49874039,4,https://www.ptt.cc/bbs/joke/M.1693316842.A.0C1.html,"阿明是一個很孝順的孩子

有一天他因為不明原因死了

於是家屬安排驗屍

只見法醫驗屍報告註明死因：

.
.
.
.
.
.

「孝死」
-----
Sent from JPTT on my iPhone

--",→,hogonschen,真的哭阿,08/30 15:10
[地獄] 孝順的阿明,xx49874039,4,https://www.ptt.cc/bbs/joke/M.1693316842.A.0C1.html,"阿明是一個很孝順的孩子

有一天他因為不明原因死了

於是家屬安排驗屍

只見法醫驗屍報告註明死因：

.
.
.
.
.
.

「孝死」
-----
Sent from JPTT on my iPhone

--",推,jjjj12386,咲死,08/31 18:19
[地獄] 孝順的阿明,xx49874039,4,https://www.ptt.cc/bbs/joke/M.1693316842.A.0C1.html,"阿明是一個很孝順的孩子

有一天他因為不明原因死了

於是家屬安排驗屍

只見法醫驗屍報告註明死因：

.
.
.
.
.
.

「孝死」
-----
Sent from JPTT on my iPhone

--",→,xx49874039,哈哈哈～,09/03 10:23
[地獄] 鳳梨加油,LeeAnAn,7,https://www.ptt.cc/bbs/joke/M.1693019558.A.515.html,"鳳梨加油，誰沒有過去
誰沒有假扮檢查官詐騙阿嬤
誰沒有吸毒，誰沒有販毒
誰沒有把另一半往死裡打
鳳梨加油，誰沒有過去
-----
Sent from JPTT on my iPhone

--",→,derrick1220,1F帥,08/26 11:16
[地獄] 鳳梨加油,LeeAnAn,7,https://www.ptt.cc/bbs/joke/M.1693019558.A.515.html,"鳳梨加油，誰沒有過去
誰沒有假扮檢查官詐騙阿嬤
誰沒有吸毒，誰沒有販毒
誰沒有把另一半往死裡打
鳳梨加油，誰沒有過去
-----
Sent from JPTT on my iPhone

--",推,scolt,2F大,08/26 12:12
[地獄] 鳳梨加油,LeeAnAn,7,https://www.ptt.cc/bbs/joke/M.1693019558.A.515.html,"鳳梨加油，誰沒有過去
誰沒有假扮檢查官詐騙阿嬤
誰沒有吸毒，誰沒有販毒
誰沒有把另一半往死裡打
鳳梨加油，誰沒有過去
-----
Sent from JPTT on my iPhone

--",推,if4,3樓又帥又大後宮一堆 XD,08/26 20:48
[地獄] 鳳梨加油,LeeAnAn,7,https://www.ptt.cc/bbs/joke/M.1693019558.A.515.html,"鳳梨加油，誰沒有過去
誰沒有假扮檢查官詐騙阿嬤
誰沒有吸毒，誰沒有販毒
誰沒有把另一半往死裡打
鳳梨加油，誰沒有過去
-----
Sent from JPTT on my iPhone

--",→,kazuC,樓上自肥,08/26 20:56
[地獄] 鳳梨加油,LeeAnAn,7,https://www.ptt.cc/bbs/joke/M.1693019558.A.515.html,"鳳梨加油，誰沒有過去
誰沒有假扮檢查官詐騙阿嬤
誰沒有吸毒，誰沒有販毒
誰沒有把另一半往死裡打
鳳梨加油，誰沒有過去
-----
Sent from JPTT on my iPhone

--",推,Bboykeyes,五樓懶趴剩1.5公分,08/27 01:28
[地獄] 鳳梨加油,LeeAnAn,7,https://www.ptt.cc/bbs/joke/M.1693019558.A.515.html,"鳳梨加油，誰沒有過去
誰沒有假扮檢查官詐騙阿嬤
誰沒有吸毒，誰沒有販毒
誰沒有把另一半往死裡打
鳳梨加油，誰沒有過去
-----
Sent from JPTT on my iPhone

--",→,Bboykeyes,冒險蓋,08/27 01:28
[地獄] 鳳梨加油,LeeAnAn,7,https://www.ptt.cc/bbs/joke/M.1693019558.A.515.html,"鳳梨加油，誰沒有過去
誰沒有假扮檢查官詐騙阿嬤
誰沒有吸毒，誰沒有販毒
誰沒有把另一半往死裡打
鳳梨加油，誰沒有過去
-----
Sent from JPTT on my iPhone

--",推,KusoJontaro,樓上馬的，都過一天了，冒什麼雞巴險，蓋你老木幹,08/27 15:42
[地獄] 鳳梨加油,LeeAnAn,7,https://www.ptt.cc/bbs/joke/M.1693019558.A.515.html,"鳳梨加油，誰沒有過去
誰沒有假扮檢查官詐騙阿嬤
誰沒有吸毒，誰沒有販毒
誰沒有把另一半往死裡打
鳳梨加油，誰沒有過去
-----
Sent from JPTT on my iPhone

--",推,IFDA,笑死7樓超派,08/27 19:25
[地獄] 鳳梨加油,LeeAnAn,7,https://www.ptt.cc/bbs/joke/M.1693019558.A.515.html,"鳳梨加油，誰沒有過去
誰沒有假扮檢查官詐騙阿嬤
誰沒有吸毒，誰沒有販毒
誰沒有把另一半往死裡打
鳳梨加油，誰沒有過去
-----
Sent from JPTT on my iPhone

--",推,a6dddd,這些 台灣人至少一半的人都沒有啊,08/27 23:12
[地獄] 鳳梨加油,LeeAnAn,7,https://www.ptt.cc/bbs/joke/M.1693019558.A.515.html,"鳳梨加油，誰沒有過去
誰沒有假扮檢查官詐騙阿嬤
誰沒有吸毒，誰沒有販毒
誰沒有把另一半往死裡打
鳳梨加油，誰沒有過去
-----
Sent from JPTT on my iPhone

--",推,pttstupid,超派但真實,09/06 12:44
[地獄] 華格納大廚死了,chibmw,2,https://www.ptt.cc/bbs/joke/M.1692825520.A.2CC.html,"廚爆安涼

--",推,mosqutiolamp,君主遠爆廚,08/24 08:36
[地獄] 華格納大廚死了,chibmw,2,https://www.ptt.cc/bbs/joke/M.1692825520.A.2CC.html,"廚爆安涼

--",推,MattiaPasini,他搭上的是...廚屍機,08/25 22:36
[地獄] 華格納大廚死了,chibmw,2,https://www.ptt.cc/bbs/joke/M.1692825520.A.2CC.html,"廚爆安涼

--",→,kimokimocom,他，不用配哇沙米,08/26 11:22
[地獄] 為什麼大家都不禮讓行人,Hanbor,,https://www.ptt.cc/bbs/joke/M.1692601045.A.590.html,"當人不讓

都變成鬼了

--",噓,windows0310,因為他們都會飛,08/21 17:47
[地獄] 為什麼大家都不禮讓行人,Hanbor,,https://www.ptt.cc/bbs/joke/M.1692601045.A.590.html,"當人不讓

都變成鬼了

--",噓,sky59430,哦,08/23 18:09
[地獄]吉娃娃被輾,hchsu,24,https://www.ptt.cc/bbs/joke/M.1692336705.A.776.html,"吉娃娃被輾過會變成什麼



























一片死吉（一片死寂）

--
加....加油.....
笑死",→,a151091,桔餅(吉餅),08/18 13:56
[地獄]吉娃娃被輾,hchsu,24,https://www.ptt.cc/bbs/joke/M.1692336705.A.776.html,"吉娃娃被輾過會變成什麼



























一片死吉（一片死寂）

--
加....加油.....
笑死",→,minoru04,平吉之地 鳥點十字路口,08/18 16:17
[地獄]吉娃娃被輾,hchsu,24,https://www.ptt.cc/bbs/joke/M.1692336705.A.776.html,"吉娃娃被輾過會變成什麼



























一片死吉（一片死寂）

--
加....加油.....
笑死",推,thaddeus9600,吉娃娃偷渡？吉摸邊界,08/18 16:38
[地獄]吉娃娃被輾,hchsu,24,https://www.ptt.cc/bbs/joke/M.1692336705.A.776.html,"吉娃娃被輾過會變成什麼



























一片死吉（一片死寂）

--
加....加油.....
笑死",→,kazuC,吉娃娃尻尻       吉拿棒,08/18 16:41
[地獄]吉娃娃被輾,hchsu,24,https://www.ptt.cc/bbs/joke/M.1692336705.A.776.html,"吉娃娃被輾過會變成什麼



























一片死吉（一片死寂）

--
加....加油.....
笑死",推,Ccsteeker,五樓的褲襠也是一片死寂，請大家給他一點鼓勵,08/18 17:26
[地獄]吉娃娃被輾,hchsu,24,https://www.ptt.cc/bbs/joke/M.1692336705.A.776.html,"吉娃娃被輾過會變成什麼



























一片死吉（一片死寂）

--
加....加油.....
笑死",推,downloadboy,五樓加油,08/18 18:01
[地獄]吉娃娃被輾,hchsu,24,https://www.ptt.cc/bbs/joke/M.1692336705.A.776.html,"吉娃娃被輾過會變成什麼



























一片死吉（一片死寂）

--
加....加油.....
笑死",推,AIDSpositive,好地獄,08/18 18:13
[地獄]吉娃娃被輾,hchsu,24,https://www.ptt.cc/bbs/joke/M.1692336705.A.776.html,"吉娃娃被輾過會變成什麼



























一片死吉（一片死寂）

--
加....加油.....
笑死",→,GGing,吉娃娃被碾成肉餅 圓寂(吉),08/18 20:56
[地獄]吉娃娃被輾,hchsu,24,https://www.ptt.cc/bbs/joke/M.1692336705.A.776.html,"吉娃娃被輾過會變成什麼



























一片死吉（一片死寂）

--
加....加油.....
笑死",推,iagolee,在新竹辦吉娃娃聚會 風城秀吉,08/18 21:53
[地獄]吉娃娃被輾,hchsu,24,https://www.ptt.cc/bbs/joke/M.1692336705.A.776.html,"吉娃娃被輾過會變成什麼



























一片死吉（一片死寂）

--
加....加油.....
笑死",推,Andriguez,樓上風城秀吉好好笑 XDDD,08/18 22:17
[地獄]吉娃娃被輾,hchsu,24,https://www.ptt.cc/bbs/joke/M.1692336705.A.776.html,"吉娃娃被輾過會變成什麼



























一片死吉（一片死寂）

--
加....加油.....
笑死",→,Andriguez,一片死吉好有畫面，而且眼睛還張得大大的 吉不暝目,08/18 22:17
[地獄]吉娃娃被輾,hchsu,24,https://www.ptt.cc/bbs/joke/M.1692336705.A.776.html,"吉娃娃被輾過會變成什麼



























一片死吉（一片死寂）

--
加....加油.....
笑死",推,pxndx,吉涼吉影,08/19 02:29
[地獄]吉娃娃被輾,hchsu,24,https://www.ptt.cc/bbs/joke/M.1692336705.A.776.html,"吉娃娃被輾過會變成什麼



























一片死吉（一片死寂）

--
加....加油.....
笑死",推,james1993730,吉摸邊界好可愛,08/19 03:00
[地獄]吉娃娃被輾,hchsu,24,https://www.ptt.cc/bbs/joke/M.1692336705.A.776.html,"吉娃娃被輾過會變成什麼



























一片死吉（一片死寂）

--
加....加油.....
笑死",推,Ryuji,昨天正午就遇到一隻眼睛不好的小吉在馬路上曬太陽,08/19 07:06
[地獄]吉娃娃被輾,hchsu,24,https://www.ptt.cc/bbs/joke/M.1692336705.A.776.html,"吉娃娃被輾過會變成什麼



























一片死吉（一片死寂）

--
加....加油.....
笑死",→,Ryuji,好心靠近將他趨於人行道內曬不到太陽他就兇我,08/19 07:07
[地獄]吉娃娃被輾,hchsu,24,https://www.ptt.cc/bbs/joke/M.1692336705.A.776.html,"吉娃娃被輾過會變成什麼



























一片死吉（一片死寂）

--
加....加油.....
笑死",→,Ryuji,我真的怕小吉被碾,08/19 07:08
[地獄]吉娃娃被輾,hchsu,24,https://www.ptt.cc/bbs/joke/M.1692336705.A.776.html,"吉娃娃被輾過會變成什麼



























一片死吉（一片死寂）

--
加....加油.....
笑死",推,Instru01,樓上這叫驅吉必兇,08/19 09:01
[地獄]吉娃娃被輾,hchsu,24,https://www.ptt.cc/bbs/joke/M.1692336705.A.776.html,"吉娃娃被輾過會變成什麼



























一片死吉（一片死寂）

--
加....加油.....
笑死",推,cloway,死狗,08/19 10:02
[地獄]吉娃娃被輾,hchsu,24,https://www.ptt.cc/bbs/joke/M.1692336705.A.776.html,"吉娃娃被輾過會變成什麼



























一片死吉（一片死寂）

--
加....加油.....
笑死",推,evelynodoubt,驅吉避凶好好笑哈哈哈哈哈哈,08/19 10:04
[地獄]吉娃娃被輾,hchsu,24,https://www.ptt.cc/bbs/joke/M.1692336705.A.776.html,"吉娃娃被輾過會變成什麼



























一片死吉（一片死寂）

--
加....加油.....
笑死",推,colur,主人辦哀悼會，留下兩行淚的說：吉掰,08/19 11:30
[地獄]吉娃娃被輾,hchsu,24,https://www.ptt.cc/bbs/joke/M.1692336705.A.776.html,"吉娃娃被輾過會變成什麼



























一片死吉（一片死寂）

--
加....加油.....
笑死",推,whhw,XD,08/19 12:13
[地獄]吉娃娃被輾,hchsu,24,https://www.ptt.cc/bbs/joke/M.1692336705.A.776.html,"吉娃娃被輾過會變成什麼



























一片死吉（一片死寂）

--
加....加油.....
笑死",推,kirinstar,吉娃娃沉迷支狼  吉瘋支狼,08/19 13:38
[地獄]吉娃娃被輾,hchsu,24,https://www.ptt.cc/bbs/joke/M.1692336705.A.776.html,"吉娃娃被輾過會變成什麼



























一片死吉（一片死寂）

--
加....加油.....
笑死",推,nick2100,很兇的吉娃娃 恰吉,08/19 16:28
[地獄]吉娃娃被輾,hchsu,24,https://www.ptt.cc/bbs/joke/M.1692336705.A.776.html,"吉娃娃被輾過會變成什麼



























一片死吉（一片死寂）

--
加....加油.....
笑死",→,nick2100,吃太胖被誤認為豬 豬是大吉,08/19 16:28
[地獄]吉娃娃被輾,hchsu,24,https://www.ptt.cc/bbs/joke/M.1692336705.A.776.html,"吉娃娃被輾過會變成什麼



























一片死吉（一片死寂）

--
加....加油.....
笑死",推,iamoldtwo,死寂,08/19 18:07
[地獄]吉娃娃被輾,hchsu,24,https://www.ptt.cc/bbs/joke/M.1692336705.A.776.html,"吉娃娃被輾過會變成什麼



























一片死吉（一片死寂）

--
加....加油.....
笑死",推,dd8818ois,吉人天象,08/19 20:36
[地獄]吉娃娃被輾,hchsu,24,https://www.ptt.cc/bbs/joke/M.1692336705.A.776.html,"吉娃娃被輾過會變成什麼



























一片死吉（一片死寂）

--
加....加油.....
笑死",推,seedboxs,吉娃娃junior跟爸爸站在一起 吉吉父吉吉,08/19 22:50
[地獄]吉娃娃被輾,hchsu,24,https://www.ptt.cc/bbs/joke/M.1692336705.A.776.html,"吉娃娃被輾過會變成什麼



























一片死吉（一片死寂）

--
加....加油.....
笑死",推,chibmw,吉掰啦,08/20 06:15
[地獄]吉娃娃被輾,hchsu,24,https://www.ptt.cc/bbs/joke/M.1692336705.A.776.html,"吉娃娃被輾過會變成什麼



























一片死吉（一片死寂）

--
加....加油.....
笑死",推,captainusopp,告丟娃娃,08/20 11:19
[地獄]吉娃娃被輾,hchsu,24,https://www.ptt.cc/bbs/joke/M.1692336705.A.776.html,"吉娃娃被輾過會變成什麼



























一片死吉（一片死寂）

--
加....加油.....
笑死",推,mosqutiolamp,吉娃娃幫同伴CPR，吉吉復吉吉,08/20 13:22
[地獄]吉娃娃被輾,hchsu,24,https://www.ptt.cc/bbs/joke/M.1692336705.A.776.html,"吉娃娃被輾過會變成什麼



























一片死吉（一片死寂）

--
加....加油.....
笑死",推,ok020402,摸兩隻吉娃娃 摸吉吉,08/20 23:38
[地獄]吉娃娃被輾,hchsu,24,https://www.ptt.cc/bbs/joke/M.1692336705.A.776.html,"吉娃娃被輾過會變成什麼



























一片死吉（一片死寂）

--
加....加油.....
笑死",推,peter5548,吉娃娃給我吃的，我被吉發糧,08/21 08:03
[地獄] 買星巴克前面排的是牙套大舌頭妹,LeeAnAn,4,https://www.ptt.cc/bbs/joke/M.1691997590.A.4B9.html,"去買星巴克排隊時前面有個戴牙套大舌頭的女孩
點了一杯「某ㄍㄚˊ拿鐵」
-----
Sent from JPTT on my iPhone

--",推,clayerlee,有笑有推,08/14 19:43
[地獄] 買星巴克前面排的是牙套大舌頭妹,LeeAnAn,4,https://www.ptt.cc/bbs/joke/M.1691997590.A.4B9.html,"去買星巴克排隊時前面有個戴牙套大舌頭的女孩
點了一杯「某ㄍㄚˊ拿鐵」
-----
Sent from JPTT on my iPhone

--",推,AIDSpositive,MOGA,08/15 01:04
[地獄] 買星巴克前面排的是牙套大舌頭妹,LeeAnAn,4,https://www.ptt.cc/bbs/joke/M.1691997590.A.4B9.html,"去買星巴克排隊時前面有個戴牙套大舌頭的女孩
點了一杯「某ㄍㄚˊ拿鐵」
-----
Sent from JPTT on my iPhone

--",推,kimokimocom,那應該是某軋R給吧,08/15 02:22
[地獄] 買星巴克前面排的是牙套大舌頭妹,LeeAnAn,4,https://www.ptt.cc/bbs/joke/M.1691997590.A.4B9.html,"去買星巴克排隊時前面有個戴牙套大舌頭的女孩
點了一杯「某ㄍㄚˊ拿鐵」
-----
Sent from JPTT on my iPhone

--",推,free112136,哈哈,08/15 16:37
[地獄] 諾蘭 電影不用特效,songgood,,https://www.ptt.cc/bbs/joke/M.1691674876.A.0F1.html,"那核彈..........
在那爆

--

哎呦 你臉紅了

--",噓,liu2007,好慘…連google都不會用,08/11 12:36
[地獄] 怎麼避免AI算圖手指會扭曲,EYECTV,8,https://www.ptt.cc/bbs/joke/M.1691482984.A.488.html,"現在AI都這麼地獄嗎?


力克胡哲圖
-----
Sent from JPTT on my iPhone

--
這世界上只有10種人
懂二進位的和不懂二進位的

--",→,pxndx,可以Cosplay乙武洋匡的那個男人,08/08 16:39
[地獄] 怎麼避免AI算圖手指會扭曲,EYECTV,8,https://www.ptt.cc/bbs/joke/M.1691482984.A.488.html,"現在AI都這麼地獄嗎?


力克胡哲圖
-----
Sent from JPTT on my iPhone

--
這世界上只有10種人
懂二進位的和不懂二進位的

--",→,devidevi,乙武洋匡台灣人應該比較熟,08/08 16:49
[地獄] 怎麼避免AI算圖手指會扭曲,EYECTV,8,https://www.ptt.cc/bbs/joke/M.1691482984.A.488.html,"現在AI都這麼地獄嗎?


力克胡哲圖
-----
Sent from JPTT on my iPhone

--
這世界上只有10種人
懂二進位的和不懂二進位的

--",→,pooh888,AI真的這樣會？好地獄,08/08 17:27
[地獄] 怎麼避免AI算圖手指會扭曲,EYECTV,8,https://www.ptt.cc/bbs/joke/M.1691482984.A.488.html,"現在AI都這麼地獄嗎?


力克胡哲圖
-----
Sent from JPTT on my iPhone

--
這世界上只有10種人
懂二進位的和不懂二進位的

--",推,peter0726,這改圖的 ChatGPT在中英夾雜會加空格,08/08 17:40
[地獄] 怎麼避免AI算圖手指會扭曲,EYECTV,8,https://www.ptt.cc/bbs/joke/M.1691482984.A.488.html,"現在AI都這麼地獄嗎?


力克胡哲圖
-----
Sent from JPTT on my iPhone

--
這世界上只有10種人
懂二進位的和不懂二進位的

--",→,iamoldtwo,XD,08/08 20:44
[地獄] 怎麼避免AI算圖手指會扭曲,EYECTV,8,https://www.ptt.cc/bbs/joke/M.1691482984.A.488.html,"現在AI都這麼地獄嗎?


力克胡哲圖
-----
Sent from JPTT on my iPhone

--
這世界上只有10種人
懂二進位的和不懂二進位的

--",推,qrzgg,多拉a夢也可以,08/08 20:51
[地獄] 怎麼避免AI算圖手指會扭曲,EYECTV,8,https://www.ptt.cc/bbs/joke/M.1691482984.A.488.html,"現在AI都這麼地獄嗎?


力克胡哲圖
-----
Sent from JPTT on my iPhone

--
這世界上只有10種人
懂二進位的和不懂二進位的

--",推,rafayaaa,改圖造謠 帶風向就是這麼簡單,08/08 21:10
[地獄] 怎麼避免AI算圖手指會扭曲,EYECTV,8,https://www.ptt.cc/bbs/joke/M.1691482984.A.488.html,"現在AI都這麼地獄嗎?


力克胡哲圖
-----
Sent from JPTT on my iPhone

--
這世界上只有10種人
懂二進位的和不懂二進位的

--",噓,twofm,..,08/08 21:36
[地獄] 怎麼避免AI算圖手指會扭曲,EYECTV,8,https://www.ptt.cc/bbs/joke/M.1691482984.A.488.html,"現在AI都這麼地獄嗎?


力克胡哲圖
-----
Sent from JPTT on my iPhone

--
這世界上只有10種人
懂二進位的和不懂二進位的

--",→,vic724,乾 不要害我笑出來,08/08 21:54
[地獄] 怎麼避免AI算圖手指會扭曲,EYECTV,8,https://www.ptt.cc/bbs/joke/M.1691482984.A.488.html,"現在AI都這麼地獄嗎?


力克胡哲圖
-----
Sent from JPTT on my iPhone

--
這世界上只有10種人
懂二進位的和不懂二進位的

--",推,vlost,http://i.imgur.com/e8hiQus.jpg,08/08 23:37
[地獄] 怎麼避免AI算圖手指會扭曲,EYECTV,8,https://www.ptt.cc/bbs/joke/M.1691482984.A.488.html,"現在AI都這麼地獄嗎?


力克胡哲圖
-----
Sent from JPTT on my iPhone

--
這世界上只有10種人
懂二進位的和不懂二進位的

--",→,vlost,AI進步的比想像中快,08/08 23:37
[地獄] 怎麼避免AI算圖手指會扭曲,EYECTV,8,https://www.ptt.cc/bbs/joke/M.1691482984.A.488.html,"現在AI都這麼地獄嗎?


力克胡哲圖
-----
Sent from JPTT on my iPhone

--
這世界上只有10種人
懂二進位的和不懂二進位的

--",推,q123212,不小心上車了幹,08/08 23:41
[地獄] 怎麼避免AI算圖手指會扭曲,EYECTV,8,https://www.ptt.cc/bbs/joke/M.1691482984.A.488.html,"現在AI都這麼地獄嗎?


力克胡哲圖
-----
Sent from JPTT on my iPhone

--
這世界上只有10種人
懂二進位的和不懂二進位的

--",推,Jmrkf0726,用Adetailer啦幹wwwww,08/09 00:47
[地獄] 怎麼避免AI算圖手指會扭曲,EYECTV,8,https://www.ptt.cc/bbs/joke/M.1691482984.A.488.html,"現在AI都這麼地獄嗎?


力克胡哲圖
-----
Sent from JPTT on my iPhone

--
這世界上只有10種人
懂二進位的和不懂二進位的

--",推,pp688039,幹  我下地獄了,08/09 00:58
[地獄] 怎麼避免AI算圖手指會扭曲,EYECTV,8,https://www.ptt.cc/bbs/joke/M.1691482984.A.488.html,"現在AI都這麼地獄嗎?


力克胡哲圖
-----
Sent from JPTT on my iPhone

--
這世界上只有10種人
懂二進位的和不懂二進位的

--",推,iiKryptos,欸不是 發車要講,08/09 09:33
[地獄] 怎麼避免AI算圖手指會扭曲,EYECTV,8,https://www.ptt.cc/bbs/joke/M.1691482984.A.488.html,"現在AI都這麼地獄嗎?


力克胡哲圖
-----
Sent from JPTT on my iPhone

--
這世界上只有10種人
懂二進位的和不懂二進位的

--",推,thaleschou,感謝四樓闢謠,08/09 10:52
[地獄] 怎麼避免AI算圖手指會扭曲,EYECTV,8,https://www.ptt.cc/bbs/joke/M.1691482984.A.488.html,"現在AI都這麼地獄嗎?


力克胡哲圖
-----
Sent from JPTT on my iPhone

--
這世界上只有10種人
懂二進位的和不懂二進位的

--",→,tactics2100,換32gb VRAM顯卡 解析度選2048x2048 圖越大張 乳暈,08/09 14:08
[地獄] 怎麼避免AI算圖手指會扭曲,EYECTV,8,https://www.ptt.cc/bbs/joke/M.1691482984.A.488.html,"現在AI都這麼地獄嗎?


力克胡哲圖
-----
Sent from JPTT on my iPhone

--
這世界上只有10種人
懂二進位的和不懂二進位的

--",→,tactics2100,鮑魚 手指 腳趾 的像素也越大 像素越大算圖就不容易,08/09 14:08
[地獄] 怎麼避免AI算圖手指會扭曲,EYECTV,8,https://www.ptt.cc/bbs/joke/M.1691482984.A.488.html,"現在AI都這麼地獄嗎?


力克胡哲圖
-----
Sent from JPTT on my iPhone

--
這世界上只有10種人
懂二進位的和不懂二進位的

--",→,tactics2100,偷懶,08/09 14:09
[地獄] 怎麼避免AI算圖手指會扭曲,EYECTV,8,https://www.ptt.cc/bbs/joke/M.1691482984.A.488.html,"現在AI都這麼地獄嗎?


力克胡哲圖
-----
Sent from JPTT on my iPhone

--
這世界上只有10種人
懂二進位的和不懂二進位的

--",推,HarpyWitch,XD,08/09 17:36
[地獄] 怎麼避免AI算圖手指會扭曲,EYECTV,8,https://www.ptt.cc/bbs/joke/M.1691482984.A.488.html,"現在AI都這麼地獄嗎?


力克胡哲圖
-----
Sent from JPTT on my iPhone

--
這世界上只有10種人
懂二進位的和不懂二進位的

--",推,duffy0101,    好好笑,08/09 22:36
[地獄] 怎麼避免AI算圖手指會扭曲,EYECTV,8,https://www.ptt.cc/bbs/joke/M.1691482984.A.488.html,"現在AI都這麼地獄嗎?


力克胡哲圖
-----
Sent from JPTT on my iPhone

--
這世界上只有10種人
懂二進位的和不懂二進位的

--",→,weRfamily,wwwww,08/11 01:01
[地獄] 怎麼避免AI算圖手指會扭曲,EYECTV,8,https://www.ptt.cc/bbs/joke/M.1691482984.A.488.html,"現在AI都這麼地獄嗎?


力克胡哲圖
-----
Sent from JPTT on my iPhone

--
這世界上只有10種人
懂二進位的和不懂二進位的

--",噓,ghrpjjh6es,早就猜到你PO不用手指的角色了,08/11 09:28
[地獄] 怎麼避免AI算圖手指會扭曲,EYECTV,8,https://www.ptt.cc/bbs/joke/M.1691482984.A.488.html,"現在AI都這麼地獄嗎?


力克胡哲圖
-----
Sent from JPTT on my iPhone

--
這世界上只有10種人
懂二進位的和不懂二進位的

--",推,alligator176,立刻護著是神用ai做出來的人類嗎,08/11 11:00
[地獄] 怎麼避免AI算圖手指會扭曲,EYECTV,8,https://www.ptt.cc/bbs/joke/M.1691482984.A.488.html,"現在AI都這麼地獄嗎?


力克胡哲圖
-----
Sent from JPTT on my iPhone

--
這世界上只有10種人
懂二進位的和不懂二進位的

--",噓,PBfire,P圖,08/11 15:43
[地獄] 怎麼避免AI算圖手指會扭曲,EYECTV,8,https://www.ptt.cc/bbs/joke/M.1691482984.A.488.html,"現在AI都這麼地獄嗎?


力克胡哲圖
-----
Sent from JPTT on my iPhone

--
這世界上只有10種人
懂二進位的和不懂二進位的

--",噓,renejyo,真的很好笑呢 呵呵呵嘻嘻,08/11 16:00
[地獄] 愛馬仕父親節貼心贈禮,csfaust,9,https://www.ptt.cc/bbs/joke/M.1691475733.A.D6E.html,"愛馬仕官方line今天發了這張貼心贈禮



………..
七月還沒到啊


#要確定餒

--",推,PanaS0Nic,領結獸，超進化，領帶獸,08/08 14:25
[地獄] 愛馬仕父親節貼心贈禮,csfaust,9,https://www.ptt.cc/bbs/joke/M.1691475733.A.D6E.html,"愛馬仕官方line今天發了這張貼心贈禮



………..
七月還沒到啊


#要確定餒

--",推,c90370,不太懂他的幽默QQ,08/08 15:51
[地獄] 愛馬仕父親節貼心贈禮,csfaust,9,https://www.ptt.cc/bbs/joke/M.1691475733.A.D6E.html,"愛馬仕官方line今天發了這張貼心贈禮



………..
七月還沒到啊


#要確定餒

--",推,rainHime,視覺地獄,08/08 16:11
[地獄] 愛馬仕父親節貼心贈禮,csfaust,9,https://www.ptt.cc/bbs/joke/M.1691475733.A.D6E.html,"愛馬仕官方line今天發了這張貼心贈禮



………..
七月還沒到啊


#要確定餒

--",推,movieghost,可蒙犬,08/08 16:13
[地獄] 愛馬仕父親節貼心贈禮,csfaust,9,https://www.ptt.cc/bbs/joke/M.1691475733.A.D6E.html,"愛馬仕官方line今天發了這張貼心贈禮



………..
七月還沒到啊


#要確定餒

--",推,rhythm1217,品味真有如此卓越？,08/08 16:17
[地獄] 愛馬仕父親節貼心贈禮,csfaust,9,https://www.ptt.cc/bbs/joke/M.1691475733.A.D6E.html,"愛馬仕官方line今天發了這張貼心贈禮



………..
七月還沒到啊


#要確定餒

--",→,judy08282003,超好笑，這圖什麼意思哈哈哈,08/08 17:15
[地獄] 愛馬仕父親節貼心贈禮,csfaust,9,https://www.ptt.cc/bbs/joke/M.1691475733.A.D6E.html,"愛馬仕官方line今天發了這張貼心贈禮



………..
七月還沒到啊


#要確定餒

--",推,yellowd54321,笑點就是他以為我買得起這些領帶,08/08 18:27
[地獄] 愛馬仕父親節貼心贈禮,csfaust,9,https://www.ptt.cc/bbs/joke/M.1691475733.A.D6E.html,"愛馬仕官方line今天發了這張貼心贈禮



………..
七月還沒到啊


#要確定餒

--",推,iamoldtwo,這廣告在幹啥啦,08/08 18:36
[地獄] 愛馬仕父親節貼心贈禮,csfaust,9,https://www.ptt.cc/bbs/joke/M.1691475733.A.D6E.html,"愛馬仕官方line今天發了這張貼心贈禮



………..
七月還沒到啊


#要確定餒

--",推,z94ek786,不懂哪有笑點,08/09 02:46
[地獄] 愛馬仕父親節貼心贈禮,csfaust,9,https://www.ptt.cc/bbs/joke/M.1691475733.A.D6E.html,"愛馬仕官方line今天發了這張貼心贈禮



………..
七月還沒到啊


#要確定餒

--",噓,z94ek786,按錯我是要噓的==,08/09 02:47
[地獄] 愛馬仕父親節貼心贈禮,csfaust,9,https://www.ptt.cc/bbs/joke/M.1691475733.A.D6E.html,"愛馬仕官方line今天發了這張貼心贈禮



………..
七月還沒到啊


#要確定餒

--",→,knight90496,我是鄉下人看不太懂 這就是所謂的時尚嗎...,08/09 04:49
[地獄] 愛馬仕父親節貼心贈禮,csfaust,9,https://www.ptt.cc/bbs/joke/M.1691475733.A.D6E.html,"愛馬仕官方line今天發了這張貼心贈禮



………..
七月還沒到啊


#要確定餒

--",推,easyleeful,額頭貼符咒的殭屍？,08/09 05:24
[地獄] 愛馬仕父親節貼心贈禮,csfaust,9,https://www.ptt.cc/bbs/joke/M.1691475733.A.D6E.html,"愛馬仕官方line今天發了這張貼心贈禮



………..
七月還沒到啊


#要確定餒

--",推,hatealong,懂什麼 人家小編也在玩 這異色奪心魔啦,08/09 09:39
[地獄] 愛馬仕父親節貼心贈禮,csfaust,9,https://www.ptt.cc/bbs/joke/M.1691475733.A.D6E.html,"愛馬仕官方line今天發了這張貼心贈禮



………..
七月還沒到啊


#要確定餒

--",→,ducksage,乍看之下以為是清明節的墓紙,08/12 20:14
[地獄] 小奶狗,calmlycindy,,https://www.ptt.cc/bbs/joke/M.1691284934.A.C1F.html,"女：別人的男友都是小奶狗，你只有狗
男：因為小奶在你那邊

--",→,dp1012,壞欸笑死,08/06 17:11
[地獄] 小奶狗,calmlycindy,,https://www.ptt.cc/bbs/joke/M.1691284934.A.C1F.html,"女：別人的男友都是小奶狗，你只有狗
男：因為小奶在你那邊

--",噓,Peter5566,0地獄點  滾,08/07 11:28
[地獄] 小奶狗,calmlycindy,,https://www.ptt.cc/bbs/joke/M.1691284934.A.C1F.html,"女：別人的男友都是小奶狗，你只有狗
男：因為小奶在你那邊

--",→,if4,女：我是大奶啦，不要叫我小乃,08/07 15:52
[地獄] 小奶狗,calmlycindy,,https://www.ptt.cc/bbs/joke/M.1691284934.A.C1F.html,"女：別人的男友都是小奶狗，你只有狗
男：因為小奶在你那邊

--",→,johnnyham,^ _^,08/07 19:57
[地獄] 小奶狗,calmlycindy,,https://www.ptt.cc/bbs/joke/M.1691284934.A.C1F.html,"女：別人的男友都是小奶狗，你只有狗
男：因為小奶在你那邊

--",推,kuanhuang,額頭的拔罐痕跡消失了嗎,08/10 22:17
[地獄] 湖中女神,scores,2,https://www.ptt.cc/bbs/joke/M.1690785717.A.17B.html,"觀眾丟了一杯價值台幣30的飲料


      馬上得到演唱會級的無線麥克風 最少上萬台幣(聽說還有幾十萬的)



--",推,child1991,歌手的麥克風很多都是自己專屬 唱到哪帶到哪的吧 賺爛,07/31 17:52
[地獄] 湖中女神,scores,2,https://www.ptt.cc/bbs/joke/M.1690785717.A.17B.html,"觀眾丟了一杯價值台幣30的飲料


      馬上得到演唱會級的無線麥克風 最少上萬台幣(聽說還有幾十萬的)



--",→,child1991,了,07/31 17:52
[地獄] 湖中女神,scores,2,https://www.ptt.cc/bbs/joke/M.1690785717.A.17B.html,"觀眾丟了一杯價值台幣30的飲料


      馬上得到演唱會級的無線麥克風 最少上萬台幣(聽說還有幾十萬的)



--",推,tacoux,卡樂B，波浪創新意,08/04 17:47
[地獄] 憂鬱症,bromelia0,,https://www.ptt.cc/bbs/joke/M.1690779747.A.C31.html,"為什麼憂鬱症的人都不往好處想?























因為他們都只往高處想

--
抱歉...",→,Misscat16868,背脊一陣涼==,07/31 13:53
[地獄] 憂鬱症,bromelia0,,https://www.ptt.cc/bbs/joke/M.1690779747.A.C31.html,"為什麼憂鬱症的人都不往好處想?























因為他們都只往高處想

--
抱歉...",→,wahaha303,……,07/31 15:10
[地獄] 憂鬱症,bromelia0,,https://www.ptt.cc/bbs/joke/M.1690779747.A.C31.html,"為什麼憂鬱症的人都不往好處想?























因為他們都只往高處想

--
抱歉...",→,pttouch,好像蠻合理的，躺平就沒煩惱了,08/07 13:45
[地獄] Bronny James 訓練反應都玩什麼？,asn789451,,https://www.ptt.cc/bbs/joke/M.1690670916.A.472.html,"心臟病

--",推,GreenMay22,RIP,07/30 10:58
[地獄] Bronny James 訓練反應都玩什麼？,asn789451,,https://www.ptt.cc/bbs/joke/M.1690670916.A.472.html,"心臟病

--",→,lgyoyoyo2005,很壞,07/30 13:44
[地獄] Bronny James 訓練反應都玩什麼？,asn789451,,https://www.ptt.cc/bbs/joke/M.1690670916.A.472.html,"心臟病

--",噓,ccchenny,狗了才知道是誰,07/30 15:53
[地獄] Bronny James 訓練反應都玩什麼？,asn789451,,https://www.ptt.cc/bbs/joke/M.1690670916.A.472.html,"心臟病

--",噓,xyz0123,訓練勇迷kyo告感,08/09 20:33
[地獄] 一個笑話,kinda83,2,https://www.ptt.cc/bbs/joke/M.1690413062.A.ADD.html,"台南今天放颱風假！



快進來笑北北基桃！

--",推,m6990400,台南高雄都一樣，下午才會逐漸增強，晚上風雨劇烈。,07/27 07:40
[地獄] 一個笑話,kinda83,2,https://www.ptt.cc/bbs/joke/M.1690413062.A.ADD.html,"台南今天放颱風假！



快進來笑北北基桃！

--",→,m6990400,你喜歡上班可以自己去，颱風假還有加班費。,07/27 07:41
[地獄] 一個笑話,kinda83,2,https://www.ptt.cc/bbs/joke/M.1690413062.A.ADD.html,"台南今天放颱風假！



快進來笑北北基桃！

--",→,m6990400,放颱風假明明對喜歡上班的社畜更有利。,07/27 07:42
[地獄] 一個笑話,kinda83,2,https://www.ptt.cc/bbs/joke/M.1690413062.A.ADD.html,"台南今天放颱風假！



快進來笑北北基桃！

--",推,ailio,社畜颱風都是無薪假，上班哪有加班費,07/27 07:50
[地獄] 一個笑話,kinda83,2,https://www.ptt.cc/bbs/joke/M.1690413062.A.ADD.html,"台南今天放颱風假！



快進來笑北北基桃！

--",噓,ccchenny,自己有放到就很爽 沒放就笑人家,07/27 08:45
[地獄] 一個笑話,kinda83,2,https://www.ptt.cc/bbs/joke/M.1690413062.A.ADD.html,"台南今天放颱風假！



快進來笑北北基桃！

--",推,kcryo0103,現在都改WFH，沒有假了,07/27 08:53
[地獄] 嬰兒空氣吸k,songgood,,https://www.ptt.cc/bbs/joke/M.1690357589.A.3D9.html,"父母又管不到
保母負責啦

--

哎呦 你臉紅了

--",→,sandiato,我聽到的時候也想說幹怎麼可能,07/26 16:23
